day,open,high,low,close,volume
2024-05-31 13:53:00,11.15,11.16,11.14,11.15,83300
2024-05-31 13:54:00,11.16,11.16,11.15,11.16,138900
2024-05-31 13:55:00,11.16,11.16,11.15,11.16,81600
2024-05-31 13:56:00,11.16,11.16,11.15,11.15,379020
2024-05-31 13:57:00,11.16,11.16,11.15,11.16,205300
2024-05-31 13:58:00,11.16,11.16,11.15,11.15,71900
2024-05-31 13:59:00,11.16,11.16,11.15,11.15,246300
2024-05-31 14:00:00,11.16,11.16,11.15,11.16,222500
2024-05-31 14:01:00,11.15,11.16,11.15,11.15,75400
2024-05-31 14:02:00,11.15,11.16,11.14,11.15,717980
2024-05-31 14:03:00,11.15,11.15,11.13,11.14,725000
2024-05-31 14:04:00,11.13,11.14,11.13,11.13,386500
2024-05-31 14:05:00,11.13,11.14,11.13,11.14,94900
2024-05-31 14:06:00,11.13,11.14,11.13,11.13,108200
2024-05-31 14:07:00,11.13,11.14,11.13,11.13,82300
2024-05-31 14:08:00,11.13,11.14,11.12,11.13,1306300
2024-05-31 14:09:00,11.13,11.14,11.12,11.14,235700
2024-05-31 14:10:00,11.14,11.14,11.13,11.13,95000
2024-05-31 14:11:00,11.13,11.14,11.12,11.13,415500
2024-05-31 14:12:00,11.13,11.13,11.12,11.12,279000
2024-05-31 14:13:00,11.12,11.13,11.12,11.12,136200
2024-05-31 14:14:00,11.13,11.13,11.12,11.12,241900
2024-05-31 14:15:00,11.12,11.13,11.12,11.12,186900
2024-05-31 14:16:00,11.12,11.13,11.12,11.13,185100
2024-05-31 14:17:00,11.12,11.13,11.12,11.13,281200
2024-05-31 14:18:00,11.13,11.13,11.12,11.12,84100
2024-05-31 14:19:00,11.13,11.13,11.12,11.12,201800
2024-05-31 14:20:00,11.12,11.13,11.12,11.12,437900
2024-05-31 14:21:00,11.12,11.13,11.12,11.12,265300
2024-05-31 14:22:00,11.13,11.13,11.12,11.13,56400
2024-05-31 14:23:00,11.12,11.13,11.12,11.13,160800
2024-05-31 14:24:00,11.12,11.13,11.12,11.13,164200
2024-05-31 14:25:00,11.13,11.13,11.12,11.13,79000
2024-05-31 14:26:00,11.13,11.13,11.12,11.13,62000
2024-05-31 14:27:00,11.13,11.14,11.12,11.14,343084
2024-05-31 14:28:00,11.13,11.14,11.13,11.13,92600
2024-05-31 14:29:00,11.14,11.14,11.13,11.14,39200
2024-05-31 14:30:00,11.13,11.14,11.13,11.14,60000
2024-05-31 14:31:00,11.13,11.14,11.13,11.13,84300
2024-05-31 14:32:00,11.14,11.14,11.13,11.13,166100
2024-05-31 14:33:00,11.14,11.14,11.12,11.13,720500
2024-05-31 14:34:00,11.13,11.14,11.12,11.13,207600
2024-05-31 14:35:00,11.13,11.13,11.12,11.12,161400
2024-05-31 14:36:00,11.13,11.13,11.12,11.13,170400
2024-05-31 14:37:00,11.12,11.13,11.12,11.12,273700
2024-05-31 14:38:00,11.13,11.13,11.12,11.12,881400
2024-05-31 14:39:00,11.12,11.13,11.12,11.13,218900
2024-05-31 14:40:00,11.12,11.13,11.12,11.12,116858
2024-05-31 14:41:00,11.12,11.13,11.12,11.12,139500
2024-05-31 14:42:00,11.12,11.13,11.12,11.13,120300
2024-05-31 14:43:00,11.13,11.13,11.12,11.12,645000
2024-05-31 14:44:00,11.12,11.13,11.11,11.12,405342
2024-05-31 14:45:00,11.13,11.13,11.12,11.12,255000
2024-05-31 14:46:00,11.13,11.13,11.12,11.13,388400
2024-05-31 14:47:00,11.13,11.13,11.12,11.13,166639
2024-05-31 14:48:00,11.13,11.13,11.12,11.12,587800
2024-05-31 14:49:00,11.12,11.13,11.11,11.11,365739
2024-05-31 14:50:00,11.12,11.12,11.11,11.11,320200
2024-05-31 14:51:00,11.12,11.12,11.11,11.11,475300
2024-05-31 14:52:00,11.11,11.12,11.11,11.11,182144
2024-05-31 14:53:00,11.11,11.12,11.11,11.12,355900
2024-05-31 14:54:00,11.11,11.12,11.11,11.12,437000
2024-05-31 14:55:00,11.11,11.13,11.11,11.12,681200
2024-05-31 14:56:00,11.12,11.13,11.11,11.12,205700
2024-05-31 14:57:00,11.13,11.13,11.12,11.12,661900
2024-05-31 15:00:00,11.11,11.11,11.11,11.11,3869473
2024-06-03 09:31:00,11.12,11.13,11.07,11.07,3026400
2024-06-03 09:32:00,11.08,11.08,11.05,11.06,1555100
2024-06-03 09:33:00,11.06,11.06,11.02,11.02,2098900
2024-06-03 09:34:00,11.03,11.05,11.02,11.02,1868500
2024-06-03 09:35:00,11.03,11.03,11.01,11.03,1882700
2024-06-03 09:36:00,11.03,11.03,11.0,11.01,2705600
2024-06-03 09:37:00,11.01,11.02,10.99,11.02,2725000
2024-06-03 09:38:00,11.02,11.05,11.01,11.03,864300
2024-06-03 09:39:00,11.03,11.04,11.02,11.02,553900
2024-06-03 09:40:00,11.03,11.03,11.0,11.02,1332000
2024-06-03 09:41:00,11.02,11.03,11.0,11.01,1085000
2024-06-03 09:42:00,11.01,11.02,11.0,11.01,1469100
2024-06-03 09:43:00,11.0,11.01,11.0,11.0,739700
2024-06-03 09:44:00,11.0,11.01,10.98,10.99,1899900
2024-06-03 09:45:00,10.99,11.02,10.98,11.02,1780100
2024-06-03 09:46:00,11.02,11.02,11.01,11.01,1076300
2024-06-03 09:47:00,11.01,11.02,11.0,11.01,539000
2024-06-03 09:48:00,11.01,11.01,10.99,11.01,1194800
2024-06-03 09:49:00,11.01,11.02,11.0,11.02,230800
2024-06-03 09:50:00,11.02,11.02,10.99,11.0,1467300
2024-06-03 09:51:00,10.99,11.0,10.99,11.0,780400
2024-06-03 09:52:00,11.0,11.01,10.99,11.01,764200
2024-06-03 09:53:00,11.01,11.01,11.0,11.01,268700
2024-06-03 09:54:00,11.01,11.03,11.0,11.02,544500
2024-06-03 09:55:00,11.02,11.03,11.01,11.01,587400
2024-06-03 09:56:00,11.01,11.02,11.01,11.02,758500
2024-06-03 09:57:00,11.02,11.03,11.02,11.02,944800
2024-06-03 09:58:00,11.02,11.03,11.01,11.02,458200
2024-06-03 09:59:00,11.01,11.02,10.99,11.0,2222300
2024-06-03 10:00:00,10.99,11.0,10.99,11.0,604100
2024-06-03 10:01:00,11.0,11.0,10.99,10.99,660500
2024-06-03 10:02:00,10.99,11.0,10.99,11.0,1496383
2024-06-03 10:03:00,10.99,11.01,10.99,11.0,910700
2024-06-03 10:04:00,11.0,11.01,10.99,11.0,886400
2024-06-03 10:05:00,11.0,11.0,10.98,10.98,1590317
2024-06-03 10:06:00,10.99,10.99,10.96,10.96,3990300
2024-06-03 10:07:00,10.96,10.98,10.93,10.94,3033400
2024-06-03 10:08:00,10.94,10.95,10.93,10.94,2562300
2024-06-03 10:09:00,10.95,10.95,10.94,10.94,1101406
2024-06-03 10:10:00,10.95,10.95,10.93,10.94,1407894
2024-06-03 10:11:00,10.94,10.95,10.93,10.94,1236700
2024-06-03 10:12:00,10.95,10.97,10.93,10.96,2363700
2024-06-03 10:13:00,10.97,10.97,10.95,10.95,1020400
2024-06-03 10:14:00,10.96,10.97,10.95,10.96,859000
2024-06-03 10:15:00,10.96,10.97,10.95,10.95,812600
2024-06-03 10:16:00,10.95,10.96,10.94,10.95,787400
2024-06-03 10:17:00,10.95,10.95,10.94,10.94,568300
2024-06-03 10:18:00,10.95,10.96,10.94,10.95,799300
2024-06-03 10:19:00,10.96,10.96,10.95,10.95,476400
2024-06-03 10:20:00,10.95,10.98,10.95,10.97,704238
2024-06-03 10:21:00,10.98,10.98,10.97,10.97,892100
2024-06-03 10:22:00,10.97,10.98,10.97,10.97,579100
2024-06-03 10:23:00,10.98,10.99,10.96,10.98,1146200
2024-06-03 10:24:00,10.99,11.0,10.98,10.99,897000
2024-06-03 10:25:00,10.99,11.0,10.98,10.98,539300
2024-06-03 10:26:00,10.98,10.99,10.98,10.98,199300
2024-06-03 10:27:00,10.98,10.99,10.98,10.98,190302
2024-06-03 10:28:00,10.98,10.99,10.97,10.97,706400
2024-06-03 10:29:00,10.97,10.99,10.97,10.98,598400
2024-06-03 10:30:00,10.98,10.99,10.97,10.97,443800
2024-06-03 10:31:00,10.98,11.0,10.98,10.99,521500
2024-06-03 10:32:00,11.0,11.0,10.99,10.99,173000
2024-06-03 10:33:00,10.99,11.0,10.99,10.99,426400
2024-06-03 10:34:00,10.99,11.0,10.99,10.99,144601
2024-06-03 10:35:00,10.99,11.0,10.98,10.98,348300
2024-06-03 10:36:00,10.99,11.0,10.98,10.99,309300
2024-06-03 10:37:00,10.99,11.01,10.99,11.0,728200
2024-06-03 10:38:00,11.01,11.01,10.99,11.0,316400
2024-06-03 10:39:00,11.0,11.01,11.0,11.0,138200
2024-06-03 10:40:00,11.01,11.01,11.0,11.0,81300
2024-06-03 10:41:00,11.0,11.01,11.0,11.0,292700
2024-06-03 10:42:00,11.0,11.01,10.99,11.0,500000
2024-06-03 10:43:00,11.0,11.0,10.99,10.99,263900
2024-06-03 10:44:00,10.99,10.99,10.98,10.98,157200
2024-06-03 10:45:00,10.98,10.99,10.97,10.97,566500
2024-06-03 10:46:00,10.97,10.98,10.97,10.97,315000
2024-06-03 10:47:00,10.97,10.98,10.97,10.97,270300
2024-06-03 10:48:00,10.97,10.98,10.96,10.97,873498
2024-06-03 10:49:00,10.96,10.97,10.96,10.96,342700
2024-06-03 10:50:00,10.96,10.97,10.96,10.96,584500
2024-06-03 10:51:00,10.96,10.97,10.96,10.96,699200
2024-06-03 10:52:00,10.96,10.97,10.96,10.96,178500
2024-06-03 10:53:00,10.97,10.97,10.96,10.97,138700
2024-06-03 10:54:00,10.97,10.97,10.96,10.96,130400
2024-06-03 10:55:00,10.96,10.97,10.96,10.96,172800
2024-06-03 10:56:00,10.96,10.97,10.96,10.96,415984
2024-06-03 10:57:00,10.96,10.97,10.96,10.96,250500
2024-06-03 10:58:00,10.96,10.97,10.96,10.96,188400
2024-06-03 10:59:00,10.96,10.97,10.96,10.96,174300
2024-06-03 11:00:00,10.96,10.98,10.96,10.97,126300
2024-06-03 11:01:00,10.97,10.98,10.97,10.97,78700
2024-06-03 11:02:00,10.97,10.98,10.96,10.96,575100
2024-06-03 11:03:00,10.97,10.97,10.96,10.96,222220
2024-06-03 11:04:00,10.96,10.98,10.96,10.97,214351
2024-06-03 11:05:00,10.97,10.97,10.96,10.97,230100
2024-06-03 11:06:00,10.96,10.97,10.96,10.96,147800
2024-06-03 11:07:00,10.97,10.97,10.96,10.96,92079
2024-06-03 11:08:00,10.96,10.97,10.96,10.96,285500
2024-06-03 11:09:00,10.97,10.97,10.96,10.96,110702
2024-06-03 11:10:00,10.97,10.97,10.96,10.96,59200
2024-06-03 11:11:00,10.96,10.98,10.96,10.97,421900
2024-06-03 11:12:00,10.97,10.99,10.97,10.98,487500
2024-06-03 11:13:00,10.97,10.98,10.96,10.97,167400
2024-06-03 11:14:00,10.97,10.98,10.96,10.98,149900
2024-06-03 11:15:00,10.97,10.98,10.96,10.96,91300
2024-06-03 11:16:00,10.97,10.97,10.96,10.96,114900
2024-06-03 11:17:00,10.96,10.98,10.96,10.97,244213
2024-06-03 11:18:00,10.97,10.97,10.96,10.96,359100
2024-06-03 11:19:00,10.96,10.97,10.95,10.95,849985
2024-06-03 11:20:00,10.96,10.96,10.95,10.95,1102600
2024-06-03 11:21:00,10.96,10.96,10.94,10.94,492700
2024-06-03 11:22:00,10.94,10.96,10.94,10.94,413800
2024-06-03 11:23:00,10.94,10.96,10.94,10.95,305900
2024-06-03 11:24:00,10.94,10.95,10.94,10.94,212700
2024-06-03 11:25:00,10.95,10.95,10.94,10.94,339400
2024-06-03 11:26:00,10.95,10.95,10.94,10.95,117200
2024-06-03 11:27:00,10.95,10.95,10.94,10.94,414800
2024-06-03 11:28:00,10.94,10.95,10.93,10.93,996100
2024-06-03 11:29:00,10.93,10.94,10.93,10.94,329200
2024-06-03 11:30:00,10.93,10.94,10.93,10.93,450100
2024-06-03 13:01:00,10.93,10.95,10.92,10.92,2498700
2024-06-03 13:02:00,10.93,10.94,10.92,10.93,601700
2024-06-03 13:03:00,10.94,10.94,10.93,10.93,178400
2024-06-03 13:04:00,10.93,10.94,10.93,10.93,86900
2024-06-03 13:05:00,10.93,10.94,10.93,10.94,468400
2024-06-03 13:06:00,10.93,10.94,10.92,10.93,527900
2024-06-03 13:07:00,10.93,10.94,10.93,10.94,104600
2024-06-03 13:08:00,10.94,10.96,10.93,10.96,865600
2024-06-03 13:09:00,10.96,10.96,10.95,10.96,132300
2024-06-03 13:10:00,10.95,10.96,10.95,10.96,204300
2024-06-03 13:11:00,10.96,10.96,10.95,10.96,52400
2024-06-03 13:12:00,10.96,10.96,10.95,10.95,77100
2024-06-03 13:13:00,10.96,10.96,10.95,10.95,128400
2024-06-03 13:14:00,10.96,10.96,10.95,10.96,54700
2024-06-03 13:15:00,10.95,10.96,10.95,10.96,190600
2024-06-03 13:16:00,10.95,10.96,10.95,10.96,148700
2024-06-03 13:17:00,10.96,10.96,10.95,10.95,133600
2024-06-03 13:18:00,10.95,10.96,10.95,10.95,136700
2024-06-03 13:19:00,10.96,10.96,10.94,10.95,520400
2024-06-03 13:20:00,10.95,10.95,10.94,10.95,66700
2024-06-03 13:21:00,10.95,10.95,10.94,10.95,95800
2024-06-03 13:22:00,10.94,10.95,10.94,10.95,133900
2024-06-03 13:23:00,10.94,10.95,10.94,10.94,208300
2024-06-03 13:24:00,10.94,10.95,10.93,10.94,491100
2024-06-03 13:25:00,10.94,10.95,10.94,10.94,235500
2024-06-03 13:26:00,10.94,10.95,10.94,10.95,135500
2024-06-03 13:27:00,10.95,10.96,10.94,10.96,363400
2024-06-03 13:28:00,10.95,10.96,10.95,10.96,48000
2024-06-03 13:29:00,10.95,10.96,10.95,10.96,76900
2024-06-03 13:30:00,10.95,10.96,10.95,10.95,229500
2024-06-03 13:31:00,10.95,10.96,10.95,10.95,105300
2024-06-03 13:32:00,10.96,10.97,10.96,10.97,493300
2024-06-03 13:33:00,10.97,10.97,10.96,10.97,91100
2024-06-03 13:34:00,10.96,10.97,10.96,10.96,62100
2024-06-03 13:35:00,10.96,10.97,10.96,10.96,276900
2024-06-03 13:36:00,10.96,10.97,10.96,10.97,204000
2024-06-03 13:37:00,10.97,10.98,10.96,10.97,728400
2024-06-03 13:38:00,10.98,10.98,10.97,10.98,79700
2024-06-03 13:39:00,10.98,10.98,10.97,10.97,206100
2024-06-03 13:40:00,10.97,10.98,10.96,10.97,347300
2024-06-03 13:41:00,10.96,10.97,10.96,10.97,34200
2024-06-03 13:42:00,10.96,10.97,10.96,10.97,95500
2024-06-03 13:43:00,10.97,10.97,10.96,10.96,123400
2024-06-03 13:44:00,10.97,10.97,10.96,10.96,101200
2024-06-03 13:45:00,10.97,10.97,10.96,10.96,139300
2024-06-03 13:46:00,10.96,10.97,10.95,10.95,219900
2024-06-03 13:47:00,10.96,10.96,10.95,10.95,318200
2024-06-03 13:48:00,10.96,10.96,10.95,10.95,256900
2024-06-03 13:49:00,10.96,10.96,10.94,10.95,942120
2024-06-03 13:50:00,10.95,10.96,10.94,10.96,88100
2024-06-03 13:51:00,10.96,10.96,10.95,10.95,185600
2024-06-03 13:52:00,10.96,10.96,10.95,10.96,93800
2024-06-03 13:53:00,10.95,10.96,10.95,10.96,81800
2024-06-03 13:54:00,10.96,10.96,10.95,10.95,131400
2024-06-03 13:55:00,10.95,10.96,10.94,10.95,554200
2024-06-03 13:56:00,10.95,10.96,10.95,10.96,99300
2024-06-03 13:57:00,10.95,10.96,10.94,10.95,152000
2024-06-03 13:58:00,10.94,10.95,10.94,10.94,125700
2024-06-03 13:59:00,10.94,10.95,10.94,10.95,79055
2024-06-03 14:00:00,10.94,10.95,10.94,10.95,114800
2024-06-03 14:01:00,10.94,10.96,10.94,10.96,551600
2024-06-03 14:02:00,10.95,10.96,10.94,10.94,257000
2024-06-03 14:03:00,10.94,10.95,10.94,10.94,193800
2024-06-03 14:04:00,10.95,10.95,10.94,10.94,509100
2024-06-03 14:05:00,10.94,10.94,10.93,10.94,614245
2024-06-03 14:06:00,10.94,10.94,10.93,10.94,157500
2024-06-03 14:07:00,10.93,10.94,10.93,10.94,195400
2024-06-03 14:08:00,10.93,10.95,10.93,10.94,344155
2024-06-03 14:09:00,10.95,10.95,10.93,10.94,370045
2024-06-03 14:10:00,10.94,10.94,10.93,10.94,88500
2024-06-03 14:11:00,10.94,10.95,10.93,10.94,190200
2024-06-03 14:12:00,10.93,10.95,10.93,10.94,195800
2024-06-03 14:13:00,10.94,10.94,10.93,10.94,250100
2024-06-03 14:14:00,10.93,10.95,10.93,10.94,316000
2024-06-03 14:15:00,10.94,10.95,10.94,10.95,125800
2024-06-03 14:16:00,10.94,10.95,10.93,10.94,625600
2024-06-03 14:17:00,10.94,10.94,10.93,10.93,294700
2024-06-03 14:18:00,10.94,10.94,10.93,10.94,151100
2024-06-03 14:19:00,10.94,10.94,10.93,10.94,161300
2024-06-03 14:20:00,10.94,10.94,10.93,10.94,407400
2024-06-03 14:21:00,10.93,10.94,10.93,10.94,118400
2024-06-03 14:22:00,10.93,10.94,10.93,10.93,221100
2024-06-03 14:23:00,10.93,10.94,10.92,10.92,1295200
2024-06-03 14:24:00,10.93,10.93,10.92,10.92,544200
2024-06-03 14:25:00,10.92,10.93,10.92,10.93,290600
2024-06-03 14:26:00,10.92,10.93,10.92,10.92,227300
2024-06-03 14:27:00,10.93,10.93,10.92,10.93,425600
2024-06-03 14:28:00,10.92,10.93,10.92,10.92,893400
2024-06-03 14:29:00,10.92,10.93,10.91,10.92,594700
2024-06-03 14:30:00,10.92,10.94,10.92,10.94,942596
2024-06-03 14:31:00,10.93,10.94,10.92,10.92,314500
2024-06-03 14:32:00,10.93,10.94,10.92,10.93,588900
2024-06-03 14:33:00,10.93,10.94,10.92,10.93,146300
2024-06-03 14:34:00,10.93,10.95,10.92,10.94,809600
2024-06-03 14:35:00,10.93,10.94,10.93,10.93,295700
2024-06-03 14:36:00,10.94,10.94,10.92,10.93,507100
2024-06-03 14:37:00,10.93,10.95,10.92,10.94,849600
2024-06-03 14:38:00,10.94,10.95,10.93,10.95,331400
2024-06-03 14:39:00,10.94,10.95,10.93,10.95,358500
2024-06-03 14:40:00,10.94,10.95,10.94,10.94,287700
2024-06-03 14:41:00,10.94,10.97,10.94,10.96,1603200
2024-06-03 14:42:00,10.95,10.96,10.95,10.96,281900
2024-06-03 14:43:00,10.95,10.96,10.95,10.96,332900
2024-06-03 14:44:00,10.95,10.96,10.95,10.95,303700
2024-06-03 14:45:00,10.96,10.97,10.95,10.96,677700
2024-06-03 14:46:00,10.96,10.97,10.95,10.97,192700
2024-06-03 14:47:00,10.96,10.97,10.95,10.96,361200
2024-06-03 14:48:00,10.96,10.97,10.95,10.96,196700
2024-06-03 14:49:00,10.96,10.97,10.96,10.96,630500
2024-06-03 14:50:00,10.96,10.97,10.96,10.97,415486
2024-06-03 14:51:00,10.96,10.97,10.96,10.97,254300
2024-06-03 14:52:00,10.97,10.97,10.96,10.97,344100
2024-06-03 14:53:00,10.96,10.97,10.96,10.97,418000
2024-06-03 14:54:00,10.97,10.97,10.96,10.97,388200
2024-06-03 14:55:00,10.97,10.97,10.96,10.97,451300
2024-06-03 14:56:00,10.97,10.97,10.96,10.96,393900
2024-06-03 14:57:00,10.97,10.98,10.96,10.98,873400
2024-06-03 15:00:00,10.98,10.98,10.98,10.98,1390000
2024-06-04 09:31:00,10.95,10.99,10.93,10.96,3021900
2024-06-04 09:32:00,10.96,10.97,10.93,10.94,571700
2024-06-04 09:33:00,10.94,10.95,10.93,10.93,366500
2024-06-04 09:34:00,10.94,10.95,10.93,10.94,630800
2024-06-04 09:35:00,10.93,10.94,10.93,10.93,665300
2024-06-04 09:36:00,10.93,10.93,10.91,10.93,1807400
2024-06-04 09:37:00,10.92,10.93,10.92,10.93,740400
2024-06-04 09:38:00,10.93,10.94,10.92,10.92,798900
2024-06-04 09:39:00,10.93,10.93,10.92,10.93,593600
2024-06-04 09:40:00,10.93,10.96,10.92,10.95,669300
2024-06-04 09:41:00,10.94,10.95,10.94,10.94,459600
2024-06-04 09:42:00,10.94,10.96,10.94,10.94,415600
2024-06-04 09:43:00,10.94,10.96,10.94,10.96,489239
2024-06-04 09:44:00,10.96,10.97,10.95,10.96,716900
2024-06-04 09:45:00,10.96,10.97,10.96,10.97,505684
2024-06-04 09:46:00,10.97,10.98,10.96,10.98,1387900
2024-06-04 09:47:00,10.98,10.98,10.95,10.96,868041
2024-06-04 09:48:00,10.96,10.97,10.95,10.96,426300
2024-06-04 09:49:00,10.96,10.97,10.95,10.97,432700
2024-06-04 09:50:00,10.96,10.98,10.96,10.98,596100
2024-06-04 09:51:00,10.98,10.99,10.98,10.99,1064120
2024-06-04 09:52:00,10.99,11.0,10.96,10.98,1282700
2024-06-04 09:53:00,10.97,10.99,10.97,10.98,529300
2024-06-04 09:54:00,10.98,10.99,10.98,10.99,651200
2024-06-04 09:55:00,10.99,11.0,10.98,10.99,845000
2024-06-04 09:56:00,11.0,11.02,10.99,11.0,1564000
2024-06-04 09:57:00,11.0,11.0,10.99,10.99,288100
2024-06-04 09:58:00,10.99,11.0,10.99,11.0,616400
2024-06-04 09:59:00,11.0,11.01,10.99,11.01,361400
2024-06-04 10:00:00,11.0,11.01,10.99,11.0,369300
2024-06-04 10:01:00,10.99,11.0,10.99,11.0,708800
2024-06-04 10:02:00,11.0,11.02,11.0,11.02,1216949
2024-06-04 10:03:00,11.02,11.03,11.01,11.03,623600
2024-06-04 10:04:00,11.03,11.03,11.0,11.01,989300
2024-06-04 10:05:00,11.01,11.03,11.01,11.02,535200
2024-06-04 10:06:00,11.02,11.04,11.02,11.03,1104700
2024-06-04 10:07:00,11.03,11.03,11.02,11.03,359500
2024-06-04 10:08:00,11.02,11.04,11.02,11.04,666500
2024-06-04 10:09:00,11.03,11.05,11.03,11.04,1810669
2024-06-04 10:10:00,11.05,11.05,11.03,11.04,916700
2024-06-04 10:11:00,11.04,11.05,11.03,11.04,844708
2024-06-04 10:12:00,11.04,11.04,11.03,11.04,249027
2024-06-04 10:13:00,11.04,11.04,11.03,11.03,499100
2024-06-04 10:14:00,11.04,11.04,11.02,11.02,628465
2024-06-04 10:15:00,11.02,11.03,11.02,11.02,128800
2024-06-04 10:16:00,11.03,11.03,11.02,11.03,311600
2024-06-04 10:17:00,11.02,11.03,11.02,11.02,86700
2024-06-04 10:18:00,11.03,11.03,11.01,11.02,568000
2024-06-04 10:19:00,11.01,11.02,11.01,11.01,484100
2024-06-04 10:20:00,11.01,11.01,11.0,11.0,249400
2024-06-04 10:21:00,11.0,11.01,10.99,11.0,1010900
2024-06-04 10:22:00,11.01,11.01,11.0,11.01,254700
2024-06-04 10:23:00,11.0,11.01,10.99,10.99,543700
2024-06-04 10:24:00,11.0,11.01,10.99,11.01,387800
2024-06-04 10:25:00,11.01,11.01,11.0,11.01,284900
2024-06-04 10:26:00,11.0,11.01,11.0,11.01,93300
2024-06-04 10:27:00,11.01,11.01,11.0,11.01,390100
2024-06-04 10:28:00,11.0,11.02,11.0,11.01,682600
2024-06-04 10:29:00,11.0,11.01,11.0,11.0,236600
2024-06-04 10:30:00,11.0,11.01,10.99,11.0,955700
2024-06-04 10:31:00,10.99,11.01,10.99,11.0,224000
2024-06-04 10:32:00,11.01,11.01,11.0,11.0,81700
2024-06-04 10:33:00,11.0,11.01,11.0,11.01,97800
2024-06-04 10:34:00,11.01,11.01,11.0,11.01,70200
2024-06-04 10:35:00,11.01,11.02,11.0,11.01,322300
2024-06-04 10:36:00,11.01,11.02,11.0,11.0,365100
2024-06-04 10:37:00,11.0,11.01,11.0,11.01,85600
2024-06-04 10:38:00,11.01,11.01,10.99,11.0,575700
2024-06-04 10:39:00,10.99,11.0,10.99,10.99,111500
2024-06-04 10:40:00,10.99,11.0,10.99,10.99,463100
2024-06-04 10:41:00,11.0,11.0,10.99,11.0,93500
2024-06-04 10:42:00,11.0,11.0,10.99,10.99,369200
2024-06-04 10:43:00,10.99,11.01,10.99,11.0,502787
2024-06-04 10:44:00,11.0,11.01,11.0,11.01,66900
2024-06-04 10:45:00,11.01,11.01,11.0,11.01,194500
2024-06-04 10:46:00,11.01,11.03,11.0,11.02,715400
2024-06-04 10:47:00,11.03,11.03,11.02,11.03,138600
2024-06-04 10:48:00,11.03,11.03,11.02,11.02,59000
2024-06-04 10:49:00,11.02,11.03,11.02,11.03,95100
2024-06-04 10:50:00,11.03,11.03,11.02,11.02,76800
2024-06-04 10:51:00,11.02,11.03,11.02,11.03,123900
2024-06-04 10:52:00,11.03,11.03,11.02,11.02,84000
2024-06-04 10:53:00,11.02,11.03,11.02,11.03,402200
2024-06-04 10:54:00,11.02,11.03,11.01,11.01,390300
2024-06-04 10:55:00,11.02,11.02,11.01,11.01,172300
2024-06-04 10:56:00,11.02,11.02,11.01,11.02,39900
2024-06-04 10:57:00,11.02,11.02,11.01,11.02,131100
2024-06-04 10:58:00,11.02,11.02,11.01,11.02,112400
2024-06-04 10:59:00,11.02,11.03,11.01,11.03,199000
2024-06-04 11:00:00,11.03,11.03,11.02,11.03,69800
2024-06-04 11:01:00,11.02,11.03,11.02,11.02,307100
2024-06-04 11:02:00,11.03,11.03,11.02,11.03,257400
2024-06-04 11:03:00,11.03,11.05,11.03,11.04,1461873
2024-06-04 11:04:00,11.04,11.05,11.03,11.05,404800
2024-06-04 11:05:00,11.05,11.05,11.03,11.04,775100
2024-06-04 11:06:00,11.03,11.04,11.02,11.02,387700
2024-06-04 11:07:00,11.03,11.03,11.02,11.02,57500
2024-06-04 11:08:00,11.03,11.03,11.02,11.03,118200
2024-06-04 11:09:00,11.02,11.03,11.02,11.03,76000
2024-06-04 11:10:00,11.03,11.03,11.01,11.02,533800
2024-06-04 11:11:00,11.02,11.02,11.01,11.02,106200
2024-06-04 11:12:00,11.02,11.03,11.01,11.03,396441
2024-06-04 11:13:00,11.03,11.04,11.02,11.03,484200
2024-06-04 11:14:00,11.03,11.03,11.02,11.03,108100
2024-06-04 11:15:00,11.03,11.03,11.02,11.03,87600
2024-06-04 11:16:00,11.03,11.04,11.02,11.03,412200
2024-06-04 11:17:00,11.04,11.04,11.03,11.04,67300
2024-06-04 11:18:00,11.03,11.04,11.03,11.04,169200
2024-06-04 11:19:00,11.03,11.05,11.03,11.05,866800
2024-06-04 11:20:00,11.04,11.05,11.03,11.04,365000
2024-06-04 11:21:00,11.03,11.04,11.03,11.04,44500
2024-06-04 11:22:00,11.04,11.04,11.02,11.03,409800
2024-06-04 11:23:00,11.02,11.03,11.02,11.02,148900
2024-06-04 11:24:00,11.03,11.03,11.02,11.02,70800
2024-06-04 11:25:00,11.02,11.03,11.01,11.01,179959
2024-06-04 11:26:00,11.01,11.02,11.01,11.02,60300
2024-06-04 11:27:00,11.01,11.02,11.01,11.01,66800
2024-06-04 11:28:00,11.02,11.02,11.01,11.02,50400
2024-06-04 11:29:00,11.01,11.02,11.01,11.01,283100
2024-06-04 11:30:00,11.01,11.02,11.01,11.02,48400
2024-06-04 13:01:00,11.01,11.02,11.0,11.0,458500
2024-06-04 13:02:00,11.01,11.01,11.0,11.0,60200
2024-06-04 13:03:00,11.0,11.02,11.0,11.01,187200
2024-06-04 13:04:00,11.01,11.02,11.0,11.01,136400
2024-06-04 13:05:00,11.01,11.01,11.0,11.0,22100
2024-06-04 13:06:00,11.01,11.01,11.0,11.01,105800
2024-06-04 13:07:00,11.0,11.01,10.99,11.0,1368413
2024-06-04 13:08:00,11.0,11.0,10.99,10.99,49600
2024-06-04 13:09:00,11.0,11.0,10.99,10.99,95500
2024-06-04 13:10:00,11.0,11.0,10.99,11.0,94000
2024-06-04 13:11:00,11.0,11.0,10.99,10.99,164900
2024-06-04 13:12:00,11.0,11.0,10.99,10.99,132500
2024-06-04 13:13:00,10.99,11.0,10.99,10.99,258400
2024-06-04 13:14:00,11.0,11.0,10.99,10.99,36700
2024-06-04 13:15:00,11.0,11.0,10.98,10.99,824100
2024-06-04 13:16:00,11.0,11.0,10.99,11.0,34900
2024-06-04 13:17:00,10.99,11.0,10.99,10.99,19100
2024-06-04 13:18:00,10.99,11.0,10.99,11.0,136700
2024-06-04 13:19:00,11.0,11.0,10.99,11.0,125100
2024-06-04 13:20:00,11.0,11.01,11.0,11.0,38300
2024-06-04 13:21:00,11.01,11.01,11.0,11.01,47200
2024-06-04 13:22:00,11.01,11.01,11.0,11.0,141700
2024-06-04 13:23:00,11.01,11.01,11.0,11.0,32300
2024-06-04 13:24:00,11.0,11.01,11.0,11.01,33300
2024-06-04 13:25:00,11.0,11.01,11.0,11.0,89200
2024-06-04 13:26:00,11.0,11.01,11.0,11.0,40600
2024-06-04 13:27:00,11.0,11.01,11.0,11.0,44800
2024-06-04 13:28:00,11.0,11.02,11.0,11.02,439100
2024-06-04 13:29:00,11.01,11.02,11.01,11.02,168043
2024-06-04 13:30:00,11.01,11.02,11.01,11.01,35000
2024-06-04 13:31:00,11.01,11.02,11.01,11.02,38800
2024-06-04 13:32:00,11.02,11.02,11.01,11.02,21800
2024-06-04 13:33:00,11.02,11.02,11.0,11.0,426357
2024-06-04 13:34:00,11.0,11.01,11.0,11.01,81000
2024-06-04 13:35:00,11.01,11.01,11.0,11.0,42300
2024-06-04 13:36:00,11.01,11.01,11.0,11.0,30000
2024-06-04 13:37:00,11.01,11.02,11.0,11.01,226100
2024-06-04 13:38:00,11.0,11.01,10.99,11.0,531100
2024-06-04 13:39:00,11.0,11.0,10.99,11.0,15600
2024-06-04 13:40:00,11.0,11.0,10.99,11.0,42600
2024-06-04 13:41:00,11.0,11.0,10.99,11.0,28500
2024-06-04 13:42:00,11.0,11.0,10.99,11.0,71400
2024-06-04 13:43:00,11.0,11.0,10.98,10.98,848700
2024-06-04 13:44:00,10.99,10.99,10.98,10.99,55300
2024-06-04 13:45:00,10.99,10.99,10.98,10.98,19700
2024-06-04 13:46:00,10.98,10.99,10.98,10.98,242900
2024-06-04 13:47:00,10.98,10.99,10.95,10.98,2185604
2024-06-04 13:48:00,10.98,10.99,10.97,10.99,230100
2024-06-04 13:49:00,10.99,10.99,10.98,10.99,198500
2024-06-04 13:50:00,10.99,10.99,10.98,10.99,115600
2024-06-04 13:51:00,10.99,10.99,10.97,10.99,1072100
2024-06-04 13:52:00,10.99,10.99,10.98,10.99,241800
2024-06-04 13:53:00,11.0,11.0,10.99,11.0,119400
2024-06-04 13:54:00,11.0,11.0,10.99,11.0,27200
2024-06-04 13:55:00,10.99,11.0,10.99,11.0,275100
2024-06-04 13:56:00,11.0,11.0,10.99,10.99,145100
2024-06-04 13:57:00,10.99,11.0,10.99,10.99,131500
2024-06-04 13:58:00,11.0,11.0,10.99,11.0,285600
2024-06-04 13:59:00,11.0,11.01,10.99,11.01,122120
2024-06-04 14:00:00,11.01,11.01,11.0,11.01,75900
2024-06-04 14:01:00,11.01,11.01,11.0,11.01,67000
2024-06-04 14:02:00,11.0,11.02,11.0,11.02,555900
2024-06-04 14:03:00,11.02,11.02,11.01,11.01,797100
2024-06-04 14:04:00,11.01,11.02,11.0,11.02,805000
2024-06-04 14:05:00,11.01,11.02,11.0,11.01,733100
2024-06-04 14:06:00,11.02,11.02,10.99,11.0,722000
2024-06-04 14:07:00,11.0,11.01,10.99,10.99,382100
2024-06-04 14:08:00,11.0,11.0,10.98,10.99,305400
2024-06-04 14:09:00,10.99,11.01,10.98,11.01,577900
2024-06-04 14:10:00,11.0,11.01,10.99,11.0,472800
2024-06-04 14:11:00,11.0,11.01,10.99,11.01,384000
2024-06-04 14:12:00,11.0,11.01,10.99,11.01,360700
2024-06-04 14:13:00,11.01,11.01,11.0,11.01,404400
2024-06-04 14:14:00,11.0,11.02,11.0,11.01,668700
2024-06-04 14:15:00,11.01,11.02,11.01,11.01,442800
2024-06-04 14:16:00,11.02,11.02,11.0,11.02,369200
2024-06-04 14:17:00,11.02,11.03,11.01,11.02,1150600
2024-06-04 14:18:00,11.02,11.03,11.02,11.02,581700
2024-06-04 14:19:00,11.02,11.03,11.02,11.02,564000
2024-06-04 14:20:00,11.03,11.03,11.02,11.03,464000
2024-06-04 14:21:00,11.02,11.03,11.01,11.02,346300
2024-06-04 14:22:00,11.02,11.03,11.01,11.02,536600
2024-06-04 14:23:00,11.03,11.04,11.02,11.04,655292
2024-06-04 14:24:00,11.03,11.04,11.02,11.03,583008
2024-06-04 14:25:00,11.03,11.03,11.02,11.03,350100
2024-06-04 14:26:00,11.03,11.03,11.02,11.02,449100
2024-06-04 14:27:00,11.03,11.03,11.01,11.01,546100
2024-06-04 14:28:00,11.01,11.03,11.01,11.02,404500
2024-06-04 14:29:00,11.02,11.03,11.01,11.01,578800
2024-06-04 14:30:00,11.01,11.02,11.01,11.02,343800
2024-06-04 14:31:00,11.01,11.02,11.01,11.01,253300
2024-06-04 14:32:00,11.01,11.03,11.01,11.01,191300
2024-06-04 14:33:00,11.02,11.03,11.01,11.02,148200
2024-06-04 14:34:00,11.02,11.03,11.01,11.02,116300
2024-06-04 14:35:00,11.02,11.03,11.02,11.02,169500
2024-06-04 14:36:00,11.02,11.03,11.02,11.03,164800
2024-06-04 14:37:00,11.03,11.04,11.02,11.04,649996
2024-06-04 14:38:00,11.03,11.04,11.03,11.03,457500
2024-06-04 14:39:00,11.04,11.04,11.03,11.04,277800
2024-06-04 14:40:00,11.03,11.04,11.03,11.04,467400
2024-06-04 14:41:00,11.04,11.04,11.03,11.03,380200
2024-06-04 14:42:00,11.04,11.04,11.03,11.03,610900
2024-06-04 14:43:00,11.03,11.04,11.02,11.03,422700
2024-06-04 14:44:00,11.03,11.04,11.03,11.03,187600
2024-06-04 14:45:00,11.03,11.04,11.02,11.03,374500
2024-06-04 14:46:00,11.02,11.03,11.02,11.03,178100
2024-06-04 14:47:00,11.03,11.03,11.02,11.03,214200
2024-06-04 14:48:00,11.03,11.04,11.02,11.03,870100
2024-06-04 14:49:00,11.02,11.04,11.02,11.03,250600
2024-06-04 14:50:00,11.03,11.04,11.02,11.03,334500
2024-06-04 14:51:00,11.02,11.03,11.02,11.03,277100
2024-06-04 14:52:00,11.03,11.03,11.02,11.03,239600
2024-06-04 14:53:00,11.02,11.03,11.02,11.03,713600
2024-06-04 14:54:00,11.03,11.03,11.02,11.03,604400
2024-06-04 14:55:00,11.03,11.04,11.02,11.03,666500
2024-06-04 14:56:00,11.03,11.04,11.02,11.04,976300
2024-06-04 14:57:00,11.02,11.04,11.02,11.02,638200
2024-06-04 15:00:00,11.02,11.02,11.02,11.02,1499200
2024-06-05 09:31:00,11.04,11.07,11.02,11.02,3795775
2024-06-05 09:32:00,11.02,11.04,11.02,11.02,702100
2024-06-05 09:33:00,11.02,11.03,10.98,11.0,2017300
2024-06-05 09:34:00,11.0,11.01,10.99,11.0,386600
2024-06-05 09:35:00,11.0,11.02,11.0,11.0,717700
2024-06-05 09:36:00,11.01,11.01,10.96,10.98,1836100
2024-06-05 09:37:00,10.97,10.99,10.96,10.99,843500
2024-06-05 09:38:00,10.98,10.99,10.98,10.98,237800
2024-06-05 09:39:00,10.98,11.0,10.98,11.0,236900
2024-06-05 09:40:00,11.0,11.0,10.99,11.0,433700
2024-06-05 09:41:00,11.0,11.01,10.99,11.01,135800
2024-06-05 09:42:00,11.01,11.02,11.0,11.01,578500
2024-06-05 09:43:00,11.0,11.01,11.0,11.01,246200
2024-06-05 09:44:00,11.01,11.01,10.99,11.0,779000
2024-06-05 09:45:00,10.99,11.0,10.98,10.99,477800
2024-06-05 09:46:00,11.0,11.0,10.99,10.99,326500
2024-06-05 09:47:00,10.99,11.0,10.98,10.98,564100
2024-06-05 09:48:00,10.99,10.99,10.98,10.98,323600
2024-06-05 09:49:00,10.99,11.0,10.98,10.99,417000
2024-06-05 09:50:00,10.99,10.99,10.98,10.98,293660
2024-06-05 09:51:00,10.98,10.99,10.96,10.97,2542340
2024-06-05 09:52:00,10.98,10.99,10.97,10.97,259900
2024-06-05 09:53:00,10.98,10.98,10.97,10.97,90400
2024-06-05 09:54:00,10.98,10.98,10.96,10.97,1118100
2024-06-05 09:55:00,10.96,10.97,10.94,10.94,2548200
2024-06-05 09:56:00,10.94,10.95,10.94,10.94,750500
2024-06-05 09:57:00,10.94,10.97,10.94,10.96,1759800
2024-06-05 09:58:00,10.96,10.98,10.96,10.97,581100
2024-06-05 09:59:00,10.97,10.97,10.95,10.97,778800
2024-06-05 10:00:00,10.97,10.97,10.96,10.97,185100
2024-06-05 10:01:00,10.96,10.97,10.96,10.97,261100
2024-06-05 10:02:00,10.97,10.97,10.96,10.97,163500
2024-06-05 10:03:00,10.97,10.97,10.96,10.96,523500
2024-06-05 10:04:00,10.96,10.97,10.95,10.95,504000
2024-06-05 10:05:00,10.95,10.97,10.95,10.95,305500
2024-06-05 10:06:00,10.95,10.97,10.94,10.95,1382500
2024-06-05 10:07:00,10.95,10.96,10.94,10.96,214500
2024-06-05 10:08:00,10.96,10.97,10.95,10.97,964300
2024-06-05 10:09:00,10.96,10.97,10.95,10.96,220100
2024-06-05 10:10:00,10.96,10.96,10.95,10.95,305400
2024-06-05 10:11:00,10.95,10.96,10.95,10.95,41200
2024-06-05 10:12:00,10.96,10.97,10.96,10.97,229500
2024-06-05 10:13:00,10.96,10.98,10.96,10.98,427596
2024-06-05 10:14:00,10.98,10.99,10.97,10.98,338953
2024-06-05 10:15:00,10.98,10.99,10.97,10.98,531147
2024-06-05 10:16:00,10.97,10.98,10.97,10.97,113900
2024-06-05 10:17:00,10.98,10.98,10.96,10.97,454204
2024-06-05 10:18:00,10.96,10.97,10.96,10.96,126500
2024-06-05 10:19:00,10.96,10.97,10.96,10.97,96201
2024-06-05 10:20:00,10.97,10.97,10.96,10.97,65700
2024-06-05 10:21:00,10.96,10.97,10.96,10.96,101900
2024-06-05 10:22:00,10.96,10.97,10.96,10.97,137100
2024-06-05 10:23:00,10.96,10.97,10.96,10.96,153800
2024-06-05 10:24:00,10.97,10.97,10.96,10.96,109200
2024-06-05 10:25:00,10.96,10.97,10.96,10.96,136500
2024-06-05 10:26:00,10.97,10.97,10.96,10.97,132500
2024-06-05 10:27:00,10.96,10.97,10.96,10.97,212400
2024-06-05 10:28:00,10.96,10.97,10.96,10.97,359300
2024-06-05 10:29:00,10.96,10.97,10.96,10.96,142200
2024-06-05 10:30:00,10.96,10.97,10.96,10.97,169900
2024-06-05 10:31:00,10.96,10.97,10.96,10.97,226700
2024-06-05 10:32:00,10.98,10.98,10.97,10.97,153200
2024-06-05 10:33:00,10.98,10.98,10.97,10.98,46200
2024-06-05 10:34:00,10.98,10.98,10.97,10.98,67700
2024-06-05 10:35:00,10.98,10.98,10.97,10.97,295700
2024-06-05 10:36:00,10.97,10.98,10.97,10.98,55000
2024-06-05 10:37:00,10.98,10.98,10.97,10.98,94700
2024-06-05 10:38:00,10.98,10.98,10.97,10.97,195500
2024-06-05 10:39:00,10.98,10.98,10.96,10.97,490600
2024-06-05 10:40:00,10.97,10.97,10.96,10.97,38500
2024-06-05 10:41:00,10.97,10.97,10.96,10.96,117700
2024-06-05 10:42:00,10.96,10.97,10.96,10.96,271400
2024-06-05 10:43:00,10.96,10.97,10.94,10.95,2409499
2024-06-05 10:44:00,10.95,10.95,10.94,10.95,978800
2024-06-05 10:45:00,10.95,10.96,10.95,10.96,122500
2024-06-05 10:46:00,10.96,10.96,10.95,10.96,138400
2024-06-05 10:47:00,10.95,10.96,10.95,10.95,133600
2024-06-05 10:48:00,10.95,10.96,10.95,10.95,63500
2024-06-05 10:49:00,10.96,10.96,10.95,10.96,92200
2024-06-05 10:50:00,10.95,10.96,10.95,10.96,152200
2024-06-05 10:51:00,10.96,10.96,10.95,10.96,247800
2024-06-05 10:52:00,10.96,10.96,10.94,10.95,1157700
2024-06-05 10:53:00,10.95,10.95,10.94,10.95,133400
2024-06-05 10:54:00,10.94,10.95,10.94,10.95,126900
2024-06-05 10:55:00,10.94,10.95,10.94,10.95,97976
2024-06-05 10:56:00,10.95,10.95,10.94,10.95,117400
2024-06-05 10:57:00,10.94,10.95,10.94,10.94,241100
2024-06-05 10:58:00,10.94,10.95,10.94,10.95,188000
2024-06-05 10:59:00,10.95,10.95,10.94,10.94,104100
2024-06-05 11:00:00,10.95,10.95,10.94,10.95,345200
2024-06-05 11:01:00,10.95,10.95,10.94,10.95,203000
2024-06-05 11:02:00,10.95,10.95,10.94,10.94,182100
2024-06-05 11:03:00,10.95,10.95,10.94,10.94,224700
2024-06-05 11:04:00,10.94,10.95,10.94,10.95,65500
2024-06-05 11:05:00,10.94,10.95,10.94,10.94,193500
2024-06-05 11:06:00,10.94,10.95,10.93,10.93,1507024
2024-06-05 11:07:00,10.94,10.94,10.93,10.93,186000
2024-06-05 11:08:00,10.94,10.94,10.93,10.94,205000
2024-06-05 11:09:00,10.94,10.95,10.93,10.95,574300
2024-06-05 11:10:00,10.95,10.95,10.94,10.94,87100
2024-06-05 11:11:00,10.94,10.95,10.94,10.94,121000
2024-06-05 11:12:00,10.94,10.95,10.93,10.93,855100
2024-06-05 11:13:00,10.93,10.94,10.93,10.93,330100
2024-06-05 11:14:00,10.93,10.95,10.93,10.94,547482
2024-06-05 11:15:00,10.94,10.95,10.92,10.93,1669418
2024-06-05 11:16:00,10.93,10.94,10.92,10.93,693500
2024-06-05 11:17:00,10.93,10.94,10.92,10.93,393558
2024-06-05 11:18:00,10.93,10.94,10.92,10.92,293142
2024-06-05 11:19:00,10.92,10.93,10.92,10.93,178800
2024-06-05 11:20:00,10.92,10.93,10.92,10.93,174800
2024-06-05 11:21:00,10.92,10.93,10.91,10.91,1597800
2024-06-05 11:22:00,10.91,10.92,10.91,10.92,286200
2024-06-05 11:23:00,10.92,10.92,10.91,10.92,267100
2024-06-05 11:24:00,10.91,10.92,10.9,10.91,2376600
2024-06-05 11:25:00,10.9,10.91,10.9,10.91,314600
2024-06-05 11:26:00,10.91,10.91,10.9,10.9,434500
2024-06-05 11:27:00,10.91,10.91,10.9,10.91,412300
2024-06-05 11:28:00,10.91,10.92,10.9,10.92,1083500
2024-06-05 11:29:00,10.91,10.92,10.91,10.92,217100
2024-06-05 11:30:00,10.92,10.92,10.91,10.92,94000
2024-06-05 13:01:00,10.92,10.92,10.91,10.91,1092206
2024-06-05 13:02:00,10.92,10.92,10.91,10.91,91900
2024-06-05 13:03:00,10.91,10.92,10.91,10.91,91500
2024-06-05 13:04:00,10.91,10.92,10.91,10.91,76600
2024-06-05 13:05:00,10.92,10.92,10.91,10.91,139700
2024-06-05 13:06:00,10.91,10.93,10.91,10.92,677700
2024-06-05 13:07:00,10.93,10.93,10.92,10.92,74200
2024-06-05 13:08:00,10.92,10.93,10.92,10.93,50500
2024-06-05 13:09:00,10.93,10.93,10.92,10.93,227700
2024-06-05 13:10:00,10.93,10.93,10.92,10.93,119900
2024-06-05 13:11:00,10.93,10.93,10.92,10.93,149700
2024-06-05 13:12:00,10.93,10.93,10.92,10.93,499400
2024-06-05 13:13:00,10.93,10.93,10.92,10.92,62100
2024-06-05 13:14:00,10.93,10.93,10.91,10.92,273000
2024-06-05 13:15:00,10.92,10.92,10.91,10.91,118100
2024-06-05 13:16:00,10.91,10.92,10.91,10.91,41900
2024-06-05 13:17:00,10.92,10.92,10.91,10.91,411300
2024-06-05 13:18:00,10.91,10.91,10.9,10.91,694494
2024-06-05 13:19:00,10.9,10.91,10.9,10.91,104300
2024-06-05 13:20:00,10.9,10.91,10.9,10.91,244700
2024-06-05 13:21:00,10.9,10.91,10.9,10.91,98800
2024-06-05 13:22:00,10.91,10.91,10.9,10.9,555400
2024-06-05 13:23:00,10.91,10.92,10.91,10.92,97900
2024-06-05 13:24:00,10.92,10.92,10.9,10.91,471200
2024-06-05 13:25:00,10.9,10.91,10.9,10.91,327900
2024-06-05 13:26:00,10.91,10.92,10.9,10.91,121300
2024-06-05 13:27:00,10.91,10.91,10.9,10.91,134100
2024-06-05 13:28:00,10.91,10.91,10.9,10.91,205200
2024-06-05 13:29:00,10.91,10.91,10.9,10.9,118500
2024-06-05 13:30:00,10.9,10.92,10.9,10.91,333600
2024-06-05 13:31:00,10.91,10.92,10.91,10.92,60500
2024-06-05 13:32:00,10.92,10.92,10.91,10.91,296700
2024-06-05 13:33:00,10.91,10.92,10.9,10.9,885700
2024-06-05 13:34:00,10.91,10.91,10.9,10.91,107200
2024-06-05 13:35:00,10.91,10.92,10.91,10.91,60200
2024-06-05 13:36:00,10.91,10.92,10.9,10.91,244900
2024-06-05 13:37:00,10.91,10.91,10.9,10.91,114900
2024-06-05 13:38:00,10.91,10.91,10.89,10.89,2076900
2024-06-05 13:39:00,10.89,10.9,10.89,10.9,166600
2024-06-05 13:40:00,10.9,10.9,10.89,10.9,221800
2024-06-05 13:41:00,10.9,10.9,10.89,10.9,146900
2024-06-05 13:42:00,10.9,10.9,10.89,10.9,112600
2024-06-05 13:43:00,10.9,10.9,10.88,10.88,1482700
2024-06-05 13:44:00,10.88,10.89,10.88,10.89,560099
2024-06-05 13:45:00,10.89,10.89,10.88,10.89,234800
2024-06-05 13:46:00,10.89,10.89,10.88,10.89,319300
2024-06-05 13:47:00,10.89,10.89,10.88,10.88,185300
2024-06-05 13:48:00,10.88,10.9,10.88,10.89,540200
2024-06-05 13:49:00,10.89,10.9,10.88,10.9,383600
2024-06-05 13:50:00,10.89,10.9,10.88,10.89,628700
2024-06-05 13:51:00,10.89,10.9,10.88,10.89,218200
2024-06-05 13:52:00,10.89,10.9,10.88,10.89,319900
2024-06-05 13:53:00,10.89,10.9,10.88,10.89,101300
2024-06-05 13:54:00,10.89,10.89,10.88,10.88,73200
2024-06-05 13:55:00,10.89,10.89,10.88,10.89,109800
2024-06-05 13:56:00,10.89,10.89,10.88,10.89,405700
2024-06-05 13:57:00,10.89,10.9,10.89,10.9,309200
2024-06-05 13:58:00,10.89,10.9,10.89,10.89,77100
2024-06-05 13:59:00,10.9,10.9,10.89,10.9,182300
2024-06-05 14:00:00,10.89,10.9,10.89,10.89,61365
2024-06-05 14:01:00,10.9,10.9,10.89,10.9,116600
2024-06-05 14:02:00,10.9,10.9,10.89,10.9,348800
2024-06-05 14:03:00,10.9,10.91,10.89,10.91,1210700
2024-06-05 14:04:00,10.91,10.91,10.9,10.91,147700
2024-06-05 14:05:00,10.91,10.91,10.9,10.91,135500
2024-06-05 14:06:00,10.91,10.91,10.89,10.9,926417
2024-06-05 14:07:00,10.9,10.9,10.89,10.9,69400
2024-06-05 14:08:00,10.9,10.9,10.89,10.89,142600
2024-06-05 14:09:00,10.9,10.9,10.89,10.89,124300
2024-06-05 14:10:00,10.9,10.9,10.89,10.89,116200
2024-06-05 14:11:00,10.89,10.9,10.89,10.9,195400
2024-06-05 14:12:00,10.9,10.9,10.89,10.9,101100
2024-06-05 14:13:00,10.9,10.9,10.89,10.9,116500
2024-06-05 14:14:00,10.9,10.9,10.89,10.89,120900
2024-06-05 14:15:00,10.89,10.9,10.89,10.89,150800
2024-06-05 14:16:00,10.89,10.9,10.89,10.89,61900
2024-06-05 14:17:00,10.89,10.9,10.89,10.89,155200
2024-06-05 14:18:00,10.89,10.9,10.89,10.9,88500
2024-06-05 14:19:00,10.9,10.9,10.89,10.89,175700
2024-06-05 14:20:00,10.9,10.9,10.89,10.89,321490
2024-06-05 14:21:00,10.9,10.9,10.89,10.89,104700
2024-06-05 14:22:00,10.89,10.9,10.89,10.9,310500
2024-06-05 14:23:00,10.89,10.9,10.89,10.9,193100
2024-06-05 14:24:00,10.89,10.9,10.89,10.9,108800
2024-06-05 14:25:00,10.89,10.9,10.89,10.89,68700
2024-06-05 14:26:00,10.89,10.9,10.89,10.9,238900
2024-06-05 14:27:00,10.89,10.9,10.89,10.9,106800
2024-06-05 14:28:00,10.9,10.9,10.89,10.9,250000
2024-06-05 14:29:00,10.9,10.9,10.89,10.9,130900
2024-06-05 14:30:00,10.89,10.9,10.89,10.89,270300
2024-06-05 14:31:00,10.9,10.9,10.89,10.89,1222200
2024-06-05 14:32:00,10.89,10.9,10.88,10.89,1345828
2024-06-05 14:33:00,10.89,10.9,10.88,10.89,682772
2024-06-05 14:34:00,10.89,10.9,10.89,10.9,192500
2024-06-05 14:35:00,10.9,10.9,10.88,10.88,806400
2024-06-05 14:36:00,10.88,10.89,10.88,10.89,796900
2024-06-05 14:37:00,10.89,10.9,10.88,10.89,146100
2024-06-05 14:38:00,10.89,10.9,10.89,10.89,380600
2024-06-05 14:39:00,10.89,10.9,10.89,10.89,292900
2024-06-05 14:40:00,10.89,10.9,10.89,10.9,142500
2024-06-05 14:41:00,10.9,10.9,10.89,10.9,292700
2024-06-05 14:42:00,10.89,10.9,10.89,10.9,128700
2024-06-05 14:43:00,10.9,10.9,10.89,10.9,200500
2024-06-05 14:44:00,10.9,10.9,10.89,10.89,264100
2024-06-05 14:45:00,10.89,10.9,10.89,10.89,153200
2024-06-05 14:46:00,10.9,10.9,10.89,10.89,135500
2024-06-05 14:47:00,10.89,10.9,10.89,10.9,392100
2024-06-05 14:48:00,10.9,10.9,10.89,10.89,127000
2024-06-05 14:49:00,10.89,10.9,10.89,10.89,230800
2024-06-05 14:50:00,10.89,10.9,10.89,10.89,563100
2024-06-05 14:51:00,10.89,10.9,10.89,10.9,455100
2024-06-05 14:52:00,10.9,10.9,10.89,10.89,400000
2024-06-05 14:53:00,10.89,10.9,10.88,10.89,1475200
2024-06-05 14:54:00,10.89,10.89,10.88,10.89,274400
2024-06-05 14:55:00,10.88,10.89,10.88,10.88,1337100
2024-06-05 14:56:00,10.89,10.89,10.88,10.88,794700
2024-06-05 14:57:00,10.89,10.89,10.88,10.88,625000
2024-06-05 15:00:00,10.87,10.87,10.87,10.87,3478029
2024-06-06 09:31:00,10.9,10.97,10.9,10.97,5358593
2024-06-06 09:32:00,10.96,10.97,10.93,10.95,2446500
2024-06-06 09:33:00,10.95,10.96,10.94,10.95,1086200
2024-06-06 09:34:00,10.94,10.95,10.93,10.94,946800
2024-06-06 09:35:00,10.94,10.94,10.93,10.94,277500
2024-06-06 09:36:00,10.93,10.94,10.93,10.94,322500
2024-06-06 09:37:00,10.94,10.95,10.93,10.95,1027940
2024-06-06 09:38:00,10.95,10.98,10.94,10.98,3355100
2024-06-06 09:39:00,10.97,10.98,10.96,10.97,1123500
2024-06-06 09:40:00,10.97,10.97,10.94,10.95,1669500
2024-06-06 09:41:00,10.96,10.96,10.94,10.95,379700
2024-06-06 09:42:00,10.94,10.95,10.93,10.93,987200
2024-06-06 09:43:00,10.93,10.94,10.92,10.92,757160
2024-06-06 09:44:00,10.92,10.93,10.92,10.92,303200
2024-06-06 09:45:00,10.92,10.93,10.91,10.93,694000
2024-06-06 09:46:00,10.92,10.93,10.92,10.93,445932
2024-06-06 09:47:00,10.93,10.93,10.92,10.93,661900
2024-06-06 09:48:00,10.93,10.94,10.92,10.93,452600
2024-06-06 09:49:00,10.94,10.94,10.93,10.94,214500
2024-06-06 09:50:00,10.94,10.95,10.93,10.95,698800
2024-06-06 09:51:00,10.95,10.96,10.94,10.96,1179600
2024-06-06 09:52:00,10.95,10.96,10.93,10.94,547300
2024-06-06 09:53:00,10.94,10.94,10.93,10.94,418400
2024-06-06 09:54:00,10.93,10.94,10.91,10.92,1396700
2024-06-06 09:55:00,10.92,10.93,10.91,10.93,383000
2024-06-06 09:56:00,10.93,10.93,10.92,10.92,310600
2024-06-06 09:57:00,10.93,10.94,10.92,10.93,620200
2024-06-06 09:58:00,10.93,10.93,10.92,10.93,276700
2024-06-06 09:59:00,10.93,10.93,10.91,10.91,482900
2024-06-06 10:00:00,10.91,10.92,10.91,10.91,394200
2024-06-06 10:01:00,10.91,10.92,10.9,10.91,1108400
2024-06-06 10:02:00,10.9,10.91,10.89,10.89,1762900
2024-06-06 10:03:00,10.89,10.9,10.89,10.9,429800
2024-06-06 10:04:00,10.89,10.9,10.89,10.9,368700
2024-06-06 10:05:00,10.9,10.9,10.89,10.9,367900
2024-06-06 10:06:00,10.9,10.9,10.89,10.9,306000
2024-06-06 10:07:00,10.89,10.9,10.88,10.89,1072200
2024-06-06 10:08:00,10.89,10.89,10.88,10.88,269000
2024-06-06 10:09:00,10.88,10.89,10.88,10.88,612900
2024-06-06 10:10:00,10.89,10.9,10.88,10.9,869300
2024-06-06 10:11:00,10.89,10.9,10.88,10.89,845100
2024-06-06 10:12:00,10.88,10.89,10.88,10.88,339100
2024-06-06 10:13:00,10.88,10.89,10.88,10.89,488400
2024-06-06 10:14:00,10.89,10.9,10.88,10.89,845300
2024-06-06 10:15:00,10.89,10.91,10.89,10.9,608400
2024-06-06 10:16:00,10.9,10.91,10.9,10.9,188200
2024-06-06 10:17:00,10.9,10.91,10.89,10.89,677300
2024-06-06 10:18:00,10.9,10.9,10.89,10.89,86500
2024-06-06 10:19:00,10.9,10.91,10.89,10.9,653879
2024-06-06 10:20:00,10.9,10.91,10.89,10.9,251200
2024-06-06 10:21:00,10.9,10.9,10.89,10.9,204300
2024-06-06 10:22:00,10.89,10.9,10.89,10.9,302100
2024-06-06 10:23:00,10.9,10.9,10.89,10.9,297900
2024-06-06 10:24:00,10.9,10.9,10.89,10.9,179700
2024-06-06 10:25:00,10.89,10.9,10.89,10.9,385700
2024-06-06 10:26:00,10.9,10.9,10.89,10.89,166200
2024-06-06 10:27:00,10.89,10.9,10.88,10.88,644900
2024-06-06 10:28:00,10.89,10.89,10.88,10.88,337400
2024-06-06 10:29:00,10.88,10.89,10.88,10.89,367100
2024-06-06 10:30:00,10.89,10.9,10.88,10.89,360300
2024-06-06 10:31:00,10.89,10.9,10.89,10.89,348100
2024-06-06 10:32:00,10.9,10.9,10.89,10.9,234700
2024-06-06 10:33:00,10.9,10.91,10.89,10.91,491100
2024-06-06 10:34:00,10.9,10.92,10.9,10.91,430100
2024-06-06 10:35:00,10.91,10.92,10.9,10.91,206600
2024-06-06 10:36:00,10.91,10.91,10.9,10.91,262600
2024-06-06 10:37:00,10.9,10.91,10.89,10.9,342300
2024-06-06 10:38:00,10.89,10.91,10.89,10.91,160600
2024-06-06 10:39:00,10.9,10.92,10.9,10.92,302300
2024-06-06 10:40:00,10.91,10.92,10.91,10.92,281809
2024-06-06 10:41:00,10.91,10.93,10.91,10.92,383100
2024-06-06 10:42:00,10.92,10.93,10.91,10.92,255700
2024-06-06 10:43:00,10.92,10.94,10.91,10.94,988000
2024-06-06 10:44:00,10.94,10.95,10.94,10.94,415400
2024-06-06 10:45:00,10.94,10.96,10.94,10.95,941200
2024-06-06 10:46:00,10.95,10.96,10.95,10.96,612000
2024-06-06 10:47:00,10.96,10.96,10.95,10.95,681000
2024-06-06 10:48:00,10.95,10.95,10.94,10.94,236800
2024-06-06 10:49:00,10.95,10.96,10.94,10.95,549580
2024-06-06 10:50:00,10.95,10.96,10.95,10.96,248600
2024-06-06 10:51:00,10.96,10.96,10.95,10.95,299200
2024-06-06 10:52:00,10.95,10.96,10.94,10.94,686400
2024-06-06 10:53:00,10.94,10.95,10.94,10.94,295600
2024-06-06 10:54:00,10.95,10.95,10.94,10.94,87400
2024-06-06 10:55:00,10.94,10.95,10.93,10.94,382400
2024-06-06 10:56:00,10.94,10.95,10.94,10.94,155240
2024-06-06 10:57:00,10.94,10.95,10.94,10.94,183600
2024-06-06 10:58:00,10.94,10.95,10.94,10.94,90500
2024-06-06 10:59:00,10.94,10.95,10.93,10.93,234300
2024-06-06 11:00:00,10.94,10.94,10.93,10.93,351300
2024-06-06 11:01:00,10.93,10.94,10.93,10.93,149700
2024-06-06 11:02:00,10.94,10.94,10.92,10.92,215300
2024-06-06 11:03:00,10.92,10.93,10.92,10.92,98800
2024-06-06 11:04:00,10.93,10.93,10.92,10.92,149500
2024-06-06 11:05:00,10.92,10.93,10.92,10.93,299500
2024-06-06 11:06:00,10.93,10.94,10.93,10.93,77800
2024-06-06 11:07:00,10.93,10.94,10.93,10.94,80900
2024-06-06 11:08:00,10.94,10.94,10.93,10.93,61000
2024-06-06 11:09:00,10.94,10.94,10.92,10.93,286300
2024-06-06 11:10:00,10.93,10.95,10.93,10.94,318200
2024-06-06 11:11:00,10.94,10.95,10.93,10.93,125000
2024-06-06 11:12:00,10.95,10.95,10.93,10.94,80600
2024-06-06 11:13:00,10.95,10.95,10.94,10.95,121700
2024-06-06 11:14:00,10.94,10.95,10.94,10.94,76600
2024-06-06 11:15:00,10.94,10.95,10.94,10.95,72900
2024-06-06 11:16:00,10.95,10.95,10.93,10.94,334900
2024-06-06 11:17:00,10.93,10.95,10.93,10.94,197200
2024-06-06 11:18:00,10.94,10.95,10.94,10.94,184400
2024-06-06 11:19:00,10.95,10.95,10.94,10.94,248200
2024-06-06 11:20:00,10.94,10.95,10.94,10.94,723500
2024-06-06 11:21:00,10.95,10.95,10.93,10.94,413100
2024-06-06 11:22:00,10.93,10.94,10.93,10.93,201300
2024-06-06 11:23:00,10.93,10.94,10.92,10.92,297000
2024-06-06 11:24:00,10.93,10.93,10.92,10.92,309300
2024-06-06 11:25:00,10.92,10.93,10.92,10.92,246800
2024-06-06 11:26:00,10.92,10.93,10.92,10.93,355600
2024-06-06 11:27:00,10.92,10.93,10.92,10.93,127600
2024-06-06 11:28:00,10.92,10.93,10.92,10.92,107400
2024-06-06 11:29:00,10.93,10.93,10.92,10.92,228500
2024-06-06 11:30:00,10.93,10.94,10.92,10.94,201900
2024-06-06 13:01:00,10.94,10.94,10.92,10.93,899800
2024-06-06 13:02:00,10.93,10.94,10.93,10.94,106200
2024-06-06 13:03:00,10.94,10.94,10.93,10.94,38300
2024-06-06 13:04:00,10.94,10.94,10.93,10.94,165700
2024-06-06 13:05:00,10.93,10.95,10.93,10.95,359100
2024-06-06 13:06:00,10.95,10.95,10.93,10.93,309100
2024-06-06 13:07:00,10.94,10.95,10.93,10.95,98400
2024-06-06 13:08:00,10.95,10.96,10.94,10.95,652001
2024-06-06 13:09:00,10.96,10.96,10.95,10.96,108900
2024-06-06 13:10:00,10.95,10.96,10.95,10.96,87300
2024-06-06 13:11:00,10.96,10.96,10.95,10.96,742000
2024-06-06 13:12:00,10.96,10.97,10.95,10.96,711776
2024-06-06 13:13:00,10.96,10.98,10.96,10.97,1505100
2024-06-06 13:14:00,10.96,10.97,10.95,10.95,576200
2024-06-06 13:15:00,10.95,10.96,10.94,10.95,533600
2024-06-06 13:16:00,10.94,10.95,10.94,10.95,165700
2024-06-06 13:17:00,10.94,10.95,10.94,10.95,102500
2024-06-06 13:18:00,10.95,10.95,10.94,10.95,98600
2024-06-06 13:19:00,10.95,10.95,10.93,10.93,412200
2024-06-06 13:20:00,10.93,10.94,10.92,10.93,1503700
2024-06-06 13:21:00,10.93,10.93,10.92,10.93,241200
2024-06-06 13:22:00,10.93,10.94,10.92,10.93,123500
2024-06-06 13:23:00,10.93,10.93,10.92,10.92,143400
2024-06-06 13:24:00,10.92,10.93,10.92,10.93,468100
2024-06-06 13:25:00,10.92,10.93,10.92,10.92,370200
2024-06-06 13:26:00,10.92,10.93,10.92,10.93,62200
2024-06-06 13:27:00,10.93,10.93,10.92,10.92,145300
2024-06-06 13:28:00,10.93,10.93,10.92,10.92,93700
2024-06-06 13:29:00,10.93,10.93,10.92,10.93,154700
2024-06-06 13:30:00,10.93,10.94,10.92,10.93,357200
2024-06-06 13:31:00,10.94,10.94,10.93,10.94,256600
2024-06-06 13:32:00,10.94,10.94,10.92,10.93,458200
2024-06-06 13:33:00,10.93,10.93,10.92,10.93,104900
2024-06-06 13:34:00,10.93,10.93,10.92,10.93,176500
2024-06-06 13:35:00,10.93,10.93,10.92,10.92,149300
2024-06-06 13:36:00,10.93,10.93,10.92,10.92,413500
2024-06-06 13:37:00,10.92,10.92,10.91,10.92,596800
2024-06-06 13:38:00,10.91,10.92,10.91,10.91,429400
2024-06-06 13:39:00,10.91,10.92,10.9,10.92,372600
2024-06-06 13:40:00,10.91,10.92,10.91,10.91,340200
2024-06-06 13:41:00,10.92,10.92,10.91,10.92,95800
2024-06-06 13:42:00,10.91,10.92,10.91,10.92,88100
2024-06-06 13:43:00,10.92,10.92,10.9,10.9,595300
2024-06-06 13:44:00,10.91,10.91,10.9,10.91,145400
2024-06-06 13:45:00,10.9,10.91,10.9,10.9,343700
2024-06-06 13:46:00,10.91,10.92,10.9,10.9,410200
2024-06-06 13:47:00,10.91,10.91,10.9,10.91,1237700
2024-06-06 13:48:00,10.91,10.91,10.9,10.9,82400
2024-06-06 13:49:00,10.9,10.91,10.9,10.9,313100
2024-06-06 13:50:00,10.9,10.9,10.89,10.89,821100
2024-06-06 13:51:00,10.9,10.9,10.89,10.9,228900
2024-06-06 13:52:00,10.9,10.9,10.89,10.9,188400
2024-06-06 13:53:00,10.9,10.91,10.89,10.9,196200
2024-06-06 13:54:00,10.91,10.91,10.9,10.91,162500
2024-06-06 13:55:00,10.9,10.91,10.9,10.9,259300
2024-06-06 13:56:00,10.9,10.91,10.9,10.91,237600
2024-06-06 13:57:00,10.91,10.91,10.9,10.91,295300
2024-06-06 13:58:00,10.9,10.91,10.9,10.91,78400
2024-06-06 13:59:00,10.9,10.91,10.89,10.9,360000
2024-06-06 14:00:00,10.9,10.91,10.89,10.89,203128
2024-06-06 14:01:00,10.9,10.9,10.89,10.89,1246800
2024-06-06 14:02:00,10.89,10.9,10.89,10.9,304900
2024-06-06 14:03:00,10.9,10.91,10.89,10.9,394700
2024-06-06 14:04:00,10.9,10.9,10.89,10.9,104800
2024-06-06 14:05:00,10.9,10.9,10.89,10.9,284800
2024-06-06 14:06:00,10.9,10.91,10.89,10.9,160578
2024-06-06 14:07:00,10.9,10.9,10.89,10.9,101200
2024-06-06 14:08:00,10.9,10.9,10.89,10.9,118700
2024-06-06 14:09:00,10.9,10.9,10.89,10.9,160100
2024-06-06 14:10:00,10.9,10.91,10.89,10.9,169400
2024-06-06 14:11:00,10.9,10.91,10.89,10.9,270300
2024-06-06 14:12:00,10.89,10.9,10.89,10.9,210300
2024-06-06 14:13:00,10.9,10.91,10.9,10.91,79500
2024-06-06 14:14:00,10.91,10.92,10.9,10.92,608000
2024-06-06 14:15:00,10.92,10.92,10.91,10.92,208400
2024-06-06 14:16:00,10.92,10.92,10.9,10.91,291200
2024-06-06 14:17:00,10.91,10.92,10.9,10.9,147500
2024-06-06 14:18:00,10.9,10.91,10.9,10.91,77990
2024-06-06 14:19:00,10.91,10.91,10.9,10.91,95400
2024-06-06 14:20:00,10.91,10.91,10.9,10.9,81800
2024-06-06 14:21:00,10.91,10.91,10.9,10.9,156600
2024-06-06 14:22:00,10.9,10.91,10.89,10.89,829110
2024-06-06 14:23:00,10.9,10.9,10.89,10.9,110800
2024-06-06 14:24:00,10.9,10.9,10.89,10.89,169200
2024-06-06 14:25:00,10.89,10.9,10.89,10.89,760453
2024-06-06 14:26:00,10.89,10.9,10.88,10.89,722219
2024-06-06 14:27:00,10.89,10.9,10.88,10.9,534881
2024-06-06 14:28:00,10.89,10.9,10.89,10.9,276936
2024-06-06 14:29:00,10.89,10.9,10.89,10.89,277500
2024-06-06 14:30:00,10.89,10.9,10.88,10.9,439990
2024-06-06 14:31:00,10.89,10.9,10.88,10.88,280500
2024-06-06 14:32:00,10.88,10.89,10.88,10.89,96700
2024-06-06 14:33:00,10.89,10.89,10.88,10.88,493900
2024-06-06 14:34:00,10.88,10.89,10.88,10.89,717200
2024-06-06 14:35:00,10.88,10.9,10.88,10.89,883900
2024-06-06 14:36:00,10.89,10.89,10.88,10.89,572700
2024-06-06 14:37:00,10.89,10.89,10.88,10.89,74900
2024-06-06 14:38:00,10.88,10.89,10.88,10.89,925700
2024-06-06 14:39:00,10.88,10.9,10.88,10.9,359200
2024-06-06 14:40:00,10.89,10.9,10.89,10.9,213200
2024-06-06 14:41:00,10.9,10.91,10.89,10.9,361300
2024-06-06 14:42:00,10.9,10.91,10.89,10.9,239085
2024-06-06 14:43:00,10.9,10.91,10.9,10.9,196200
2024-06-06 14:44:00,10.91,10.91,10.9,10.9,341800
2024-06-06 14:45:00,10.9,10.91,10.89,10.9,809715
2024-06-06 14:46:00,10.89,10.9,10.89,10.9,226900
2024-06-06 14:47:00,10.9,10.9,10.89,10.9,168100
2024-06-06 14:48:00,10.9,10.9,10.89,10.9,125400
2024-06-06 14:49:00,10.89,10.9,10.89,10.9,164007
2024-06-06 14:50:00,10.89,10.9,10.89,10.89,263400
2024-06-06 14:51:00,10.89,10.9,10.89,10.89,159100
2024-06-06 14:52:00,10.9,10.9,10.89,10.89,426736
2024-06-06 14:53:00,10.89,10.91,10.89,10.9,700283
2024-06-06 14:54:00,10.9,10.91,10.89,10.9,1023017
2024-06-06 14:55:00,10.9,10.91,10.9,10.9,378600
2024-06-06 14:56:00,10.91,10.91,10.89,10.9,1028215
2024-06-06 14:57:00,10.91,10.91,10.9,10.91,254800
2024-06-06 15:00:00,10.9,10.9,10.9,10.9,935500
2024-06-07 09:31:00,10.92,10.97,10.92,10.96,5058045
2024-06-07 09:32:00,10.95,10.96,10.94,10.95,1012500
2024-06-07 09:33:00,10.95,10.96,10.94,10.96,1134800
2024-06-07 09:34:00,10.96,10.96,10.95,10.96,869600
2024-06-07 09:35:00,10.96,10.96,10.95,10.95,305800
2024-06-07 09:36:00,10.96,10.96,10.94,10.95,1366800
2024-06-07 09:37:00,10.95,10.97,10.94,10.96,1351300
2024-06-07 09:38:00,10.96,10.97,10.95,10.97,795800
2024-06-07 09:39:00,10.97,10.98,10.96,10.98,1340400
2024-06-07 09:40:00,10.98,10.98,10.97,10.97,597107
2024-06-07 09:41:00,10.97,10.98,10.96,10.97,1263493
2024-06-07 09:42:00,10.97,10.98,10.96,10.97,1040600
2024-06-07 09:43:00,10.97,11.01,10.97,11.0,2555707
2024-06-07 09:44:00,11.0,11.01,10.98,11.0,2187500
2024-06-07 09:45:00,10.99,11.0,10.98,10.99,1035800
2024-06-07 09:46:00,10.98,10.99,10.97,10.98,742700
2024-06-07 09:47:00,10.98,10.98,10.97,10.97,533800
2024-06-07 09:48:00,10.98,10.98,10.96,10.96,1319900
2024-06-07 09:49:00,10.96,10.98,10.96,10.97,696700
2024-06-07 09:50:00,10.97,10.97,10.96,10.96,404000
2024-06-07 09:51:00,10.96,10.97,10.95,10.96,1598193
2024-06-07 09:52:00,10.95,10.96,10.95,10.96,229500
2024-06-07 09:53:00,10.96,10.96,10.95,10.96,613900
2024-06-07 09:54:00,10.96,10.97,10.95,10.96,375300
2024-06-07 09:55:00,10.97,10.97,10.95,10.96,468000
2024-06-07 09:56:00,10.95,10.96,10.94,10.95,1384007
2024-06-07 09:57:00,10.94,10.95,10.93,10.94,1394900
2024-06-07 09:58:00,10.94,10.95,10.93,10.94,316600
2024-06-07 09:59:00,10.94,10.95,10.94,10.95,328000
2024-06-07 10:00:00,10.95,10.95,10.94,10.94,326445
2024-06-07 10:01:00,10.95,10.96,10.94,10.96,559639
2024-06-07 10:02:00,10.96,10.97,10.95,10.96,448100
2024-06-07 10:03:00,10.96,10.98,10.96,10.97,749500
2024-06-07 10:04:00,10.96,10.97,10.95,10.96,572500
2024-06-07 10:05:00,10.96,10.97,10.95,10.96,551300
2024-06-07 10:06:00,10.96,10.97,10.95,10.96,391840
2024-06-07 10:07:00,10.95,10.97,10.95,10.96,615900
2024-06-07 10:08:00,10.96,10.96,10.95,10.95,134900
2024-06-07 10:09:00,10.95,10.96,10.95,10.95,355400
2024-06-07 10:10:00,10.96,10.96,10.95,10.95,247075
2024-06-07 10:11:00,10.96,10.96,10.95,10.95,79500
2024-06-07 10:12:00,10.96,10.97,10.95,10.97,474500
2024-06-07 10:13:00,10.97,10.97,10.96,10.97,451800
2024-06-07 10:14:00,10.96,10.98,10.96,10.98,478200
2024-06-07 10:15:00,10.97,11.0,10.97,10.99,2251600
2024-06-07 10:16:00,10.98,10.99,10.97,10.98,322200
2024-06-07 10:17:00,10.97,10.99,10.97,10.98,373540
2024-06-07 10:18:00,10.98,10.99,10.97,10.98,280143
2024-06-07 10:19:00,10.97,10.98,10.97,10.97,177000
2024-06-07 10:20:00,10.97,10.97,10.96,10.97,396000
2024-06-07 10:21:00,10.97,10.97,10.96,10.97,96100
2024-06-07 10:22:00,10.97,10.98,10.96,10.97,862900
2024-06-07 10:23:00,10.97,10.98,10.96,10.97,120700
2024-06-07 10:24:00,10.97,10.97,10.96,10.96,84800
2024-06-07 10:25:00,10.96,10.97,10.96,10.97,429100
2024-06-07 10:26:00,10.97,10.98,10.96,10.97,207336
2024-06-07 10:27:00,10.97,10.98,10.97,10.98,153000
2024-06-07 10:28:00,10.98,10.98,10.97,10.97,460700
2024-06-07 10:29:00,10.98,10.99,10.97,10.98,573200
2024-06-07 10:30:00,10.98,10.99,10.98,10.99,258900
2024-06-07 10:31:00,10.99,10.99,10.98,10.99,198400
2024-06-07 10:32:00,10.99,10.99,10.97,10.97,934900
2024-06-07 10:33:00,10.97,10.98,10.96,10.97,433864
2024-06-07 10:34:00,10.96,10.97,10.95,10.95,1152592
2024-06-07 10:35:00,10.96,10.97,10.95,10.95,265900
2024-06-07 10:36:00,10.96,10.96,10.95,10.96,140500
2024-06-07 10:37:00,10.96,10.96,10.95,10.95,191000
2024-06-07 10:38:00,10.95,10.96,10.95,10.95,200200
2024-06-07 10:39:00,10.96,10.96,10.94,10.94,1442785
2024-06-07 10:40:00,10.95,10.95,10.94,10.95,327600
2024-06-07 10:41:00,10.94,10.95,10.94,10.95,338800
2024-06-07 10:42:00,10.94,10.95,10.94,10.94,455000
2024-06-07 10:43:00,10.94,10.95,10.92,10.92,2233600
2024-06-07 10:44:00,10.93,10.94,10.92,10.93,608200
2024-06-07 10:45:00,10.93,10.95,10.93,10.94,565500
2024-06-07 10:46:00,10.95,10.95,10.94,10.95,239400
2024-06-07 10:47:00,10.95,10.95,10.94,10.95,153300
2024-06-07 10:48:00,10.95,10.95,10.93,10.94,452900
2024-06-07 10:49:00,10.93,10.94,10.93,10.94,205200
2024-06-07 10:50:00,10.93,10.94,10.93,10.94,263600
2024-06-07 10:51:00,10.93,10.94,10.93,10.93,84300
2024-06-07 10:52:00,10.94,10.94,10.93,10.94,390100
2024-06-07 10:53:00,10.94,10.94,10.93,10.93,398900
2024-06-07 10:54:00,10.93,10.94,10.93,10.93,96200
2024-06-07 10:55:00,10.94,10.95,10.93,10.94,304100
2024-06-07 10:56:00,10.94,10.95,10.93,10.94,221200
2024-06-07 10:57:00,10.93,10.94,10.93,10.94,152200
2024-06-07 10:58:00,10.94,10.95,10.93,10.93,207300
2024-06-07 10:59:00,10.93,10.94,10.92,10.92,977000
2024-06-07 11:00:00,10.92,10.93,10.92,10.93,218800
2024-06-07 11:01:00,10.93,10.93,10.92,10.93,300000
2024-06-07 11:02:00,10.92,10.93,10.92,10.93,139300
2024-06-07 11:03:00,10.92,10.93,10.92,10.93,81900
2024-06-07 11:04:00,10.92,10.94,10.92,10.94,372100
2024-06-07 11:05:00,10.94,10.94,10.93,10.94,88200
2024-06-07 11:06:00,10.93,10.94,10.93,10.94,23800
2024-06-07 11:07:00,10.93,10.94,10.93,10.94,153600
2024-06-07 11:08:00,10.94,10.94,10.93,10.94,52600
2024-06-07 11:09:00,10.94,10.94,10.93,10.93,130800
2024-06-07 11:10:00,10.93,10.94,10.93,10.93,85986
2024-06-07 11:11:00,10.93,10.94,10.92,10.92,892514
2024-06-07 11:12:00,10.93,10.93,10.92,10.92,56800
2024-06-07 11:13:00,10.93,10.93,10.91,10.92,1861400
2024-06-07 11:14:00,10.93,10.94,10.92,10.94,108800
2024-06-07 11:15:00,10.93,10.94,10.93,10.94,101600
2024-06-07 11:16:00,10.94,10.94,10.93,10.94,41100
2024-06-07 11:17:00,10.93,10.94,10.93,10.94,105700
2024-06-07 11:18:00,10.93,10.94,10.92,10.92,434600
2024-06-07 11:19:00,10.93,10.93,10.92,10.92,92600
2024-06-07 11:20:00,10.93,10.93,10.92,10.92,292900
2024-06-07 11:21:00,10.92,10.93,10.91,10.93,1258300
2024-06-07 11:22:00,10.92,10.92,10.91,10.92,163500
2024-06-07 11:23:00,10.92,10.92,10.91,10.91,286000
2024-06-07 11:24:00,10.91,10.92,10.91,10.91,394500
2024-06-07 11:25:00,10.92,10.92,10.91,10.92,200600
2024-06-07 11:26:00,10.92,10.93,10.91,10.93,229500
2024-06-07 11:27:00,10.93,10.93,10.92,10.93,165700
2024-06-07 11:28:00,10.93,10.93,10.92,10.92,86000
2024-06-07 11:29:00,10.93,10.93,10.92,10.92,264600
2024-06-07 11:30:00,10.92,10.94,10.92,10.94,617700
2024-06-07 13:01:00,10.94,10.95,10.93,10.94,779700
2024-06-07 13:02:00,10.94,10.94,10.92,10.93,243300
2024-06-07 13:03:00,10.93,10.94,10.92,10.93,261400
2024-06-07 13:04:00,10.93,10.94,10.92,10.94,235000
2024-06-07 13:05:00,10.93,10.94,10.92,10.93,272000
2024-06-07 13:06:00,10.93,10.93,10.92,10.93,469500
2024-06-07 13:07:00,10.93,10.93,10.92,10.92,232600
2024-06-07 13:08:00,10.92,10.93,10.92,10.92,159600
2024-06-07 13:09:00,10.92,10.93,10.92,10.93,132300
2024-06-07 13:10:00,10.93,10.94,10.92,10.94,481000
2024-06-07 13:11:00,10.94,10.94,10.92,10.93,620300
2024-06-07 13:12:00,10.93,10.93,10.92,10.93,165000
2024-06-07 13:13:00,10.92,10.93,10.92,10.93,83600
2024-06-07 13:14:00,10.92,10.93,10.92,10.92,95800
2024-06-07 13:15:00,10.92,10.93,10.92,10.93,125100
2024-06-07 13:16:00,10.92,10.93,10.91,10.91,1095000
2024-06-07 13:17:00,10.91,10.92,10.91,10.91,223300
2024-06-07 13:18:00,10.91,10.91,10.9,10.9,2639100
2024-06-07 13:19:00,10.9,10.91,10.9,10.9,933715
2024-06-07 13:20:00,10.9,10.91,10.89,10.89,1523785
2024-06-07 13:21:00,10.89,10.91,10.89,10.9,719915
2024-06-07 13:22:00,10.9,10.91,10.9,10.9,161900
2024-06-07 13:23:00,10.9,10.91,10.9,10.91,281000
2024-06-07 13:24:00,10.9,10.91,10.9,10.9,140400
2024-06-07 13:25:00,10.9,10.91,10.9,10.9,192500
2024-06-07 13:26:00,10.9,10.91,10.9,10.9,146700
2024-06-07 13:27:00,10.9,10.91,10.9,10.91,259100
2024-06-07 13:28:00,10.91,10.91,10.9,10.91,244900
2024-06-07 13:29:00,10.91,10.92,10.9,10.91,545600
2024-06-07 13:30:00,10.91,10.91,10.9,10.9,184900
2024-06-07 13:31:00,10.9,10.91,10.9,10.91,130500
2024-06-07 13:32:00,10.9,10.91,10.9,10.91,150800
2024-06-07 13:33:00,10.9,10.91,10.9,10.9,224900
2024-06-07 13:34:00,10.9,10.91,10.9,10.9,754313
2024-06-07 13:35:00,10.9,10.91,10.89,10.89,728987
2024-06-07 13:36:00,10.9,10.9,10.89,10.9,159900
2024-06-07 13:37:00,10.9,10.91,10.89,10.9,273239
2024-06-07 13:38:00,10.9,10.91,10.89,10.9,427600
2024-06-07 13:39:00,10.91,10.91,10.9,10.91,51200
2024-06-07 13:40:00,10.9,10.91,10.9,10.9,190100
2024-06-07 13:41:00,10.91,10.91,10.9,10.9,113000
2024-06-07 13:42:00,10.91,10.91,10.9,10.91,178600
2024-06-07 13:43:00,10.91,10.91,10.9,10.91,105200
2024-06-07 13:44:00,10.91,10.92,10.9,10.92,146600
2024-06-07 13:45:00,10.92,10.92,10.91,10.92,42200
2024-06-07 13:46:00,10.91,10.92,10.91,10.92,98300
2024-06-07 13:47:00,10.91,10.92,10.91,10.91,128900
2024-06-07 13:48:00,10.92,10.92,10.91,10.91,139900
2024-06-07 13:49:00,10.91,10.92,10.91,10.91,440400
2024-06-07 13:50:00,10.91,10.92,10.91,10.92,82700
2024-06-07 13:51:00,10.91,10.92,10.91,10.91,236000
2024-06-07 13:52:00,10.91,10.92,10.91,10.91,378300
2024-06-07 13:53:00,10.91,10.92,10.9,10.91,326300
2024-06-07 13:54:00,10.91,10.93,10.91,10.92,476800
2024-06-07 13:55:00,10.92,10.93,10.92,10.93,98300
2024-06-07 13:56:00,10.92,10.93,10.92,10.92,227900
2024-06-07 13:57:00,10.92,10.93,10.92,10.93,78900
2024-06-07 13:58:00,10.92,10.93,10.92,10.92,116700
2024-06-07 13:59:00,10.92,10.93,10.92,10.92,144400
2024-06-07 14:00:00,10.92,10.93,10.92,10.93,120900
2024-06-07 14:01:00,10.92,10.93,10.92,10.92,154800
2024-06-07 14:02:00,10.92,10.94,10.92,10.93,290890
2024-06-07 14:03:00,10.93,10.95,10.93,10.95,532900
2024-06-07 14:04:00,10.94,10.95,10.94,10.94,217800
2024-06-07 14:05:00,10.95,10.95,10.94,10.95,186800
2024-06-07 14:06:00,10.95,10.95,10.94,10.94,464300
2024-06-07 14:07:00,10.94,10.95,10.94,10.95,77500
2024-06-07 14:08:00,10.95,10.96,10.94,10.95,451400
2024-06-07 14:09:00,10.95,10.96,10.95,10.96,209700
2024-06-07 14:10:00,10.95,10.97,10.95,10.96,804700
2024-06-07 14:11:00,10.96,10.97,10.96,10.97,470800
2024-06-07 14:12:00,10.96,10.98,10.96,10.98,1161000
2024-06-07 14:13:00,10.97,10.98,10.97,10.97,450100
2024-06-07 14:14:00,10.97,10.98,10.97,10.97,467800
2024-06-07 14:15:00,10.98,10.98,10.97,10.98,326900
2024-06-07 14:16:00,10.97,10.98,10.96,10.97,667900
2024-06-07 14:17:00,10.97,10.98,10.97,10.98,198001
2024-06-07 14:18:00,10.97,10.98,10.97,10.97,228200
2024-06-07 14:19:00,10.97,10.98,10.97,10.98,984200
2024-06-07 14:20:00,10.97,10.98,10.97,10.98,670900
2024-06-07 14:21:00,10.98,10.99,10.97,10.98,898200
2024-06-07 14:22:00,10.98,11.0,10.98,10.99,1697200
2024-06-07 14:23:00,10.99,11.0,10.98,10.99,667500
2024-06-07 14:24:00,10.99,11.0,10.98,10.98,257000
2024-06-07 14:25:00,10.98,10.99,10.97,10.97,676600
2024-06-07 14:26:00,10.98,10.98,10.97,10.97,139100
2024-06-07 14:27:00,10.97,10.98,10.97,10.97,195600
2024-06-07 14:28:00,10.97,10.98,10.97,10.98,220700
2024-06-07 14:29:00,10.98,10.98,10.97,10.97,108900
2024-06-07 14:30:00,10.97,10.98,10.97,10.98,313100
2024-06-07 14:31:00,10.98,10.99,10.97,10.98,786988
2024-06-07 14:32:00,10.99,10.99,10.97,10.98,810700
2024-06-07 14:33:00,10.97,10.98,10.96,10.97,397800
2024-06-07 14:34:00,10.97,10.98,10.97,10.97,94800
2024-06-07 14:35:00,10.97,10.98,10.97,10.98,150366
2024-06-07 14:36:00,10.98,10.98,10.97,10.98,189000
2024-06-07 14:37:00,10.97,10.99,10.97,10.99,497500
2024-06-07 14:38:00,10.98,10.99,10.98,10.99,135100
2024-06-07 14:39:00,10.98,10.99,10.98,10.98,339200
2024-06-07 14:40:00,10.99,10.99,10.97,10.97,397600
2024-06-07 14:41:00,10.97,10.98,10.97,10.98,250900
2024-06-07 14:42:00,10.97,10.98,10.97,10.98,178500
2024-06-07 14:43:00,10.97,10.98,10.97,10.98,215700
2024-06-07 14:44:00,10.98,10.98,10.97,10.98,219400
2024-06-07 14:45:00,10.97,10.98,10.97,10.98,293800
2024-06-07 14:46:00,10.97,10.98,10.97,10.98,344600
2024-06-07 14:47:00,10.98,10.99,10.97,10.98,907300
2024-06-07 14:48:00,10.97,10.98,10.97,10.98,600500
2024-06-07 14:49:00,10.98,10.99,10.97,10.98,383600
2024-06-07 14:50:00,10.98,10.99,10.97,10.98,464600
2024-06-07 14:51:00,10.98,10.99,10.97,10.97,604100
2024-06-07 14:52:00,10.97,10.99,10.97,10.99,351700
2024-06-07 14:53:00,10.98,10.99,10.97,10.98,373500
2024-06-07 14:54:00,10.98,10.99,10.98,10.99,323800
2024-06-07 14:55:00,10.98,10.99,10.98,10.98,327400
2024-06-07 14:56:00,10.98,10.99,10.98,10.99,726094
2024-06-07 14:57:00,10.98,11.0,10.98,10.99,1655400
2024-06-07 15:00:00,10.99,10.99,10.99,10.99,1641700
2024-06-11 09:31:00,10.98,11.02,10.96,11.0,4849600
2024-06-11 09:32:00,11.0,11.01,10.97,10.98,1148300
2024-06-11 09:33:00,10.98,10.99,10.96,10.96,990700
2024-06-11 09:34:00,10.96,10.97,10.95,10.96,694800
2024-06-11 09:35:00,10.96,10.97,10.95,10.95,1080000
2024-06-11 09:36:00,10.96,10.96,10.95,10.95,868700
2024-06-11 09:37:00,10.95,10.97,10.94,10.97,852200
2024-06-11 09:38:00,10.97,10.98,10.96,10.98,843100
2024-06-11 09:39:00,10.98,10.98,10.95,10.96,979900
2024-06-11 09:40:00,10.96,10.97,10.94,10.95,1376300
2024-06-11 09:41:00,10.94,10.95,10.92,10.92,2583400
2024-06-11 09:42:00,10.92,10.93,10.91,10.92,680400
2024-06-11 09:43:00,10.93,10.93,10.89,10.91,6327800
2024-06-11 09:44:00,10.92,10.92,10.91,10.91,714400
2024-06-11 09:45:00,10.92,10.92,10.89,10.9,1717500
2024-06-11 09:46:00,10.89,10.91,10.88,10.88,2987400
2024-06-11 09:47:00,10.88,10.9,10.88,10.89,1490100
2024-06-11 09:48:00,10.88,10.89,10.85,10.87,4145800
2024-06-11 09:49:00,10.88,10.88,10.86,10.88,1118800
2024-06-11 09:50:00,10.88,10.89,10.87,10.87,913800
2024-06-11 09:51:00,10.88,10.88,10.85,10.86,2724300
2024-06-11 09:52:00,10.87,10.87,10.85,10.86,2452800
2024-06-11 09:53:00,10.85,10.86,10.84,10.84,2218077
2024-06-11 09:54:00,10.84,10.85,10.83,10.85,1861523
2024-06-11 09:55:00,10.85,10.85,10.83,10.83,1540000
2024-06-11 09:56:00,10.83,10.84,10.83,10.83,1304876
2024-06-11 09:57:00,10.83,10.84,10.82,10.83,1472924
2024-06-11 09:58:00,10.83,10.84,10.82,10.83,1134000
2024-06-11 09:59:00,10.83,10.84,10.82,10.84,789200
2024-06-11 10:00:00,10.84,10.84,10.82,10.82,1753100
2024-06-11 10:01:00,10.82,10.83,10.82,10.82,2187663
2024-06-11 10:02:00,10.83,10.83,10.79,10.79,5223377
2024-06-11 10:03:00,10.8,10.81,10.79,10.81,1622410
2024-06-11 10:04:00,10.81,10.83,10.8,10.82,1022580
2024-06-11 10:05:00,10.82,10.84,10.81,10.84,784602
2024-06-11 10:06:00,10.84,10.84,10.83,10.84,548800
2024-06-11 10:07:00,10.84,10.84,10.82,10.83,693598
2024-06-11 10:08:00,10.83,10.83,10.82,10.82,492300
2024-06-11 10:09:00,10.83,10.83,10.82,10.83,552500
2024-06-11 10:10:00,10.83,10.84,10.82,10.83,482400
2024-06-11 10:11:00,10.83,10.84,10.82,10.82,525900
2024-06-11 10:12:00,10.83,10.83,10.81,10.82,627400
2024-06-11 10:13:00,10.82,10.83,10.82,10.83,618400
2024-06-11 10:14:00,10.82,10.83,10.82,10.82,546000
2024-06-11 10:15:00,10.82,10.83,10.81,10.82,653000
2024-06-11 10:16:00,10.83,10.83,10.81,10.82,230800
2024-06-11 10:17:00,10.82,10.82,10.8,10.8,1178120
2024-06-11 10:18:00,10.8,10.81,10.8,10.81,456900
2024-06-11 10:19:00,10.8,10.83,10.8,10.82,486300
2024-06-11 10:20:00,10.82,10.83,10.82,10.82,321400
2024-06-11 10:21:00,10.82,10.83,10.82,10.82,215200
2024-06-11 10:22:00,10.83,10.85,10.82,10.85,654800
2024-06-11 10:23:00,10.85,10.85,10.83,10.83,702700
2024-06-11 10:24:00,10.84,10.84,10.83,10.84,99500
2024-06-11 10:25:00,10.83,10.84,10.83,10.84,191400
2024-06-11 10:26:00,10.84,10.84,10.83,10.84,169900
2024-06-11 10:27:00,10.83,10.85,10.83,10.84,294500
2024-06-11 10:28:00,10.83,10.85,10.83,10.85,132700
2024-06-11 10:29:00,10.84,10.85,10.84,10.85,130200
2024-06-11 10:30:00,10.85,10.85,10.84,10.84,545900
2024-06-11 10:31:00,10.85,10.85,10.83,10.84,759700
2024-06-11 10:32:00,10.83,10.84,10.82,10.83,431700
2024-06-11 10:33:00,10.83,10.83,10.82,10.83,561800
2024-06-11 10:34:00,10.82,10.83,10.82,10.83,121500
2024-06-11 10:35:00,10.83,10.83,10.82,10.83,328600
2024-06-11 10:36:00,10.82,10.83,10.82,10.83,159500
2024-06-11 10:37:00,10.82,10.83,10.82,10.82,179800
2024-06-11 10:38:00,10.83,10.84,10.82,10.83,481200
2024-06-11 10:39:00,10.83,10.83,10.81,10.82,823600
2024-06-11 10:40:00,10.82,10.82,10.81,10.81,122600
2024-06-11 10:41:00,10.82,10.83,10.81,10.82,288700
2024-06-11 10:42:00,10.83,10.83,10.81,10.82,433900
2024-06-11 10:43:00,10.82,10.82,10.81,10.82,375200
2024-06-11 10:44:00,10.83,10.83,10.82,10.82,194800
2024-06-11 10:45:00,10.83,10.83,10.82,10.83,561500
2024-06-11 10:46:00,10.82,10.84,10.82,10.83,387500
2024-06-11 10:47:00,10.83,10.84,10.82,10.83,284700
2024-06-11 10:48:00,10.83,10.84,10.82,10.84,669900
2024-06-11 10:49:00,10.83,10.85,10.83,10.84,470500
2024-06-11 10:50:00,10.84,10.85,10.84,10.85,171600
2024-06-11 10:51:00,10.85,10.86,10.84,10.85,356202
2024-06-11 10:52:00,10.85,10.86,10.83,10.84,684698
2024-06-11 10:53:00,10.83,10.84,10.83,10.84,64100
2024-06-11 10:54:00,10.83,10.84,10.83,10.84,101500
2024-06-11 10:55:00,10.84,10.84,10.83,10.84,316800
2024-06-11 10:56:00,10.84,10.85,10.84,10.84,200800
2024-06-11 10:57:00,10.84,10.85,10.84,10.85,250900
2024-06-11 10:58:00,10.85,10.86,10.84,10.85,382700
2024-06-11 10:59:00,10.85,10.86,10.84,10.85,201900
2024-06-11 11:00:00,10.85,10.87,10.84,10.86,824100
2024-06-11 11:01:00,10.86,10.86,10.84,10.84,652200
2024-06-11 11:02:00,10.84,10.85,10.83,10.83,274000
2024-06-11 11:03:00,10.83,10.84,10.83,10.84,246700
2024-06-11 11:04:00,10.84,10.84,10.83,10.84,125700
2024-06-11 11:05:00,10.83,10.84,10.83,10.84,197800
2024-06-11 11:06:00,10.84,10.84,10.83,10.83,281100
2024-06-11 11:07:00,10.84,10.84,10.83,10.84,272600
2024-06-11 11:08:00,10.84,10.84,10.83,10.84,348700
2024-06-11 11:09:00,10.83,10.84,10.83,10.83,187200
2024-06-11 11:10:00,10.83,10.84,10.83,10.84,172800
2024-06-11 11:11:00,10.84,10.84,10.83,10.84,126400
2024-06-11 11:12:00,10.83,10.84,10.83,10.84,313600
2024-06-11 11:13:00,10.83,10.84,10.83,10.84,169900
2024-06-11 11:14:00,10.84,10.85,10.83,10.85,101800
2024-06-11 11:15:00,10.85,10.85,10.83,10.85,135000
2024-06-11 11:16:00,10.85,10.85,10.83,10.84,184900
2024-06-11 11:17:00,10.84,10.84,10.83,10.83,67700
2024-06-11 11:18:00,10.84,10.84,10.83,10.84,156900
2024-06-11 11:19:00,10.83,10.84,10.83,10.83,81800
2024-06-11 11:20:00,10.84,10.84,10.83,10.84,252300
2024-06-11 11:21:00,10.84,10.84,10.83,10.83,69800
2024-06-11 11:22:00,10.83,10.84,10.82,10.83,1090300
2024-06-11 11:23:00,10.83,10.83,10.82,10.82,445400
2024-06-11 11:24:00,10.83,10.83,10.82,10.83,170400
2024-06-11 11:25:00,10.83,10.83,10.82,10.83,110600
2024-06-11 11:26:00,10.83,10.83,10.82,10.82,309300
2024-06-11 11:27:00,10.82,10.83,10.81,10.81,1245500
2024-06-11 11:28:00,10.82,10.82,10.81,10.82,181060
2024-06-11 11:29:00,10.81,10.82,10.81,10.82,344000
2024-06-11 11:30:00,10.82,10.82,10.81,10.81,302500
2024-06-11 13:01:00,10.82,10.83,10.81,10.82,1538175
2024-06-11 13:02:00,10.82,10.83,10.82,10.83,119700
2024-06-11 13:03:00,10.83,10.85,10.82,10.84,544900
2024-06-11 13:04:00,10.83,10.86,10.83,10.85,677178
2024-06-11 13:05:00,10.85,10.86,10.85,10.85,280400
2024-06-11 13:06:00,10.85,10.85,10.84,10.84,240800
2024-06-11 13:07:00,10.84,10.84,10.83,10.84,149000
2024-06-11 13:08:00,10.84,10.85,10.83,10.84,118900
2024-06-11 13:09:00,10.84,10.85,10.84,10.84,89100
2024-06-11 13:10:00,10.84,10.85,10.83,10.84,154600
2024-06-11 13:11:00,10.84,10.85,10.83,10.85,357100
2024-06-11 13:12:00,10.85,10.85,10.84,10.84,33800
2024-06-11 13:13:00,10.85,10.85,10.84,10.85,71000
2024-06-11 13:14:00,10.84,10.85,10.84,10.85,242000
2024-06-11 13:15:00,10.84,10.84,10.83,10.84,146700
2024-06-11 13:16:00,10.84,10.85,10.83,10.84,236500
2024-06-11 13:17:00,10.84,10.85,10.83,10.85,325400
2024-06-11 13:18:00,10.84,10.85,10.83,10.84,117300
2024-06-11 13:19:00,10.84,10.85,10.83,10.84,103100
2024-06-11 13:20:00,10.83,10.84,10.82,10.82,944400
2024-06-11 13:21:00,10.82,10.83,10.82,10.83,109300
2024-06-11 13:22:00,10.82,10.84,10.82,10.83,268700
2024-06-11 13:23:00,10.83,10.84,10.83,10.83,190100
2024-06-11 13:24:00,10.83,10.84,10.82,10.83,289000
2024-06-11 13:25:00,10.83,10.83,10.82,10.82,234900
2024-06-11 13:26:00,10.82,10.83,10.82,10.83,142200
2024-06-11 13:27:00,10.83,10.84,10.82,10.84,282000
2024-06-11 13:28:00,10.83,10.84,10.83,10.84,62700
2024-06-11 13:29:00,10.84,10.84,10.83,10.84,211800
2024-06-11 13:30:00,10.83,10.84,10.83,10.83,76700
2024-06-11 13:31:00,10.83,10.84,10.83,10.84,45700
2024-06-11 13:32:00,10.83,10.84,10.83,10.83,109700
2024-06-11 13:33:00,10.83,10.84,10.83,10.84,127200
2024-06-11 13:34:00,10.83,10.84,10.82,10.83,198600
2024-06-11 13:35:00,10.83,10.83,10.82,10.83,254800
2024-06-11 13:36:00,10.83,10.84,10.82,10.84,312900
2024-06-11 13:37:00,10.83,10.84,10.83,10.84,87300
2024-06-11 13:38:00,10.83,10.84,10.83,10.84,118300
2024-06-11 13:39:00,10.84,10.84,10.83,10.84,87300
2024-06-11 13:40:00,10.83,10.84,10.83,10.84,193300
2024-06-11 13:41:00,10.84,10.84,10.83,10.84,412400
2024-06-11 13:42:00,10.84,10.84,10.83,10.84,76800
2024-06-11 13:43:00,10.84,10.84,10.83,10.83,140400
2024-06-11 13:44:00,10.84,10.84,10.83,10.84,114200
2024-06-11 13:45:00,10.84,10.84,10.83,10.84,68400
2024-06-11 13:46:00,10.84,10.84,10.83,10.84,207000
2024-06-11 13:47:00,10.84,10.84,10.83,10.83,143300
2024-06-11 13:48:00,10.83,10.84,10.82,10.83,905500
2024-06-11 13:49:00,10.83,10.83,10.82,10.83,161200
2024-06-11 13:50:00,10.82,10.84,10.82,10.83,542900
2024-06-11 13:51:00,10.84,10.85,10.83,10.85,262161
2024-06-11 13:52:00,10.85,10.85,10.84,10.84,26300
2024-06-11 13:53:00,10.85,10.85,10.84,10.85,37400
2024-06-11 13:54:00,10.84,10.85,10.84,10.85,112600
2024-06-11 13:55:00,10.85,10.85,10.84,10.85,182900
2024-06-11 13:56:00,10.84,10.85,10.83,10.84,1076400
2024-06-11 13:57:00,10.84,10.84,10.83,10.84,327500
2024-06-11 13:58:00,10.84,10.84,10.83,10.84,341100
2024-06-11 13:59:00,10.84,10.85,10.83,10.84,177900
2024-06-11 14:00:00,10.84,10.85,10.84,10.84,55500
2024-06-11 14:01:00,10.84,10.85,10.84,10.84,57200
2024-06-11 14:02:00,10.84,10.85,10.84,10.85,48700
2024-06-11 14:03:00,10.85,10.85,10.84,10.85,254100
2024-06-11 14:04:00,10.85,10.85,10.84,10.85,167200
2024-06-11 14:05:00,10.85,10.85,10.84,10.85,93900
2024-06-11 14:06:00,10.85,10.85,10.84,10.84,75300
2024-06-11 14:07:00,10.84,10.85,10.84,10.84,54000
2024-06-11 14:08:00,10.84,10.85,10.84,10.84,63200
2024-06-11 14:09:00,10.84,10.85,10.83,10.84,851600
2024-06-11 14:10:00,10.84,10.85,10.83,10.84,474600
2024-06-11 14:11:00,10.84,10.84,10.83,10.84,63600
2024-06-11 14:12:00,10.84,10.85,10.83,10.83,371100
2024-06-11 14:13:00,10.83,10.85,10.83,10.84,820800
2024-06-11 14:14:00,10.85,10.85,10.84,10.84,125600
2024-06-11 14:15:00,10.85,10.86,10.84,10.86,420000
2024-06-11 14:16:00,10.85,10.86,10.85,10.86,296000
2024-06-11 14:17:00,10.86,10.87,10.85,10.86,536000
2024-06-11 14:18:00,10.87,10.87,10.86,10.86,109700
2024-06-11 14:19:00,10.87,10.87,10.86,10.87,284600
2024-06-11 14:20:00,10.87,10.88,10.87,10.87,378900
2024-06-11 14:21:00,10.87,10.88,10.87,10.87,242000
2024-06-11 14:22:00,10.88,10.88,10.87,10.87,214000
2024-06-11 14:23:00,10.88,10.88,10.87,10.88,273700
2024-06-11 14:24:00,10.88,10.88,10.87,10.88,376484
2024-06-11 14:25:00,10.88,10.89,10.87,10.88,536500
2024-06-11 14:26:00,10.88,10.88,10.87,10.87,196900
2024-06-11 14:27:00,10.88,10.88,10.87,10.88,93900
2024-06-11 14:28:00,10.88,10.88,10.87,10.87,75800
2024-06-11 14:29:00,10.87,10.88,10.86,10.87,941900
2024-06-11 14:30:00,10.87,10.87,10.86,10.87,109602
2024-06-11 14:31:00,10.86,10.87,10.86,10.86,82300
2024-06-11 14:32:00,10.86,10.87,10.85,10.85,1112014
2024-06-11 14:33:00,10.86,10.86,10.85,10.85,255700
2024-06-11 14:34:00,10.85,10.86,10.85,10.86,99940
2024-06-11 14:35:00,10.85,10.86,10.85,10.85,105700
2024-06-11 14:36:00,10.85,10.87,10.85,10.86,699848
2024-06-11 14:37:00,10.86,10.87,10.85,10.86,238400
2024-06-11 14:38:00,10.86,10.88,10.86,10.87,805200
2024-06-11 14:39:00,10.87,10.87,10.86,10.86,143200
2024-06-11 14:40:00,10.86,10.87,10.86,10.86,108000
2024-06-11 14:41:00,10.86,10.87,10.85,10.85,573300
2024-06-11 14:42:00,10.86,10.86,10.85,10.86,234800
2024-06-11 14:43:00,10.85,10.86,10.84,10.84,1152612
2024-06-11 14:44:00,10.85,10.85,10.84,10.85,91300
2024-06-11 14:45:00,10.84,10.85,10.84,10.85,265300
2024-06-11 14:46:00,10.85,10.85,10.84,10.84,240200
2024-06-11 14:47:00,10.85,10.86,10.85,10.85,325500
2024-06-11 14:48:00,10.85,10.86,10.85,10.86,523430
2024-06-11 14:49:00,10.86,10.87,10.85,10.86,455800
2024-06-11 14:50:00,10.86,10.87,10.86,10.87,481500
2024-06-11 14:51:00,10.86,10.87,10.85,10.86,380800
2024-06-11 14:52:00,10.86,10.87,10.85,10.87,824400
2024-06-11 14:53:00,10.86,10.87,10.86,10.86,375900
2024-06-11 14:54:00,10.86,10.87,10.86,10.87,607300
2024-06-11 14:55:00,10.87,10.88,10.86,10.87,514500
2024-06-11 14:56:00,10.87,10.88,10.86,10.86,1133100
2024-06-11 14:57:00,10.87,10.88,10.86,10.88,521100
2024-06-11 15:00:00,10.87,10.87,10.87,10.87,1725400
2024-06-12 09:31:00,10.85,10.85,10.8,10.82,2285700
2024-06-12 09:32:00,10.82,10.84,10.81,10.83,574900
2024-06-12 09:33:00,10.83,10.84,10.82,10.83,543700
2024-06-12 09:34:00,10.82,10.84,10.82,10.83,599300
2024-06-12 09:35:00,10.84,10.84,10.83,10.84,303400
2024-06-12 09:36:00,10.83,10.84,10.82,10.83,1072900
2024-06-12 09:37:00,10.83,10.83,10.82,10.82,468700
2024-06-12 09:38:00,10.82,10.83,10.82,10.82,477800
2024-06-12 09:39:00,10.82,10.83,10.82,10.83,618800
2024-06-12 09:40:00,10.82,10.83,10.81,10.81,2186200
2024-06-12 09:41:00,10.81,10.82,10.79,10.79,2933000
2024-06-12 09:42:00,10.8,10.81,10.79,10.8,876100
2024-06-12 09:43:00,10.8,10.81,10.8,10.8,363900
2024-06-12 09:44:00,10.81,10.81,10.8,10.8,420200
2024-06-12 09:45:00,10.8,10.81,10.8,10.8,310400
2024-06-12 09:46:00,10.8,10.81,10.79,10.79,748763
2024-06-12 09:47:00,10.8,10.8,10.79,10.8,479400
2024-06-12 09:48:00,10.79,10.81,10.79,10.8,620100
2024-06-12 09:49:00,10.8,10.82,10.8,10.8,629200
2024-06-12 09:50:00,10.8,10.81,10.8,10.8,250300
2024-06-12 09:51:00,10.8,10.81,10.79,10.8,1549800
2024-06-12 09:52:00,10.8,10.81,10.79,10.8,879400
2024-06-12 09:53:00,10.8,10.82,10.8,10.81,337400
2024-06-12 09:54:00,10.82,10.82,10.81,10.82,257300
2024-06-12 09:55:00,10.82,10.82,10.81,10.81,294300
2024-06-12 09:56:00,10.81,10.82,10.81,10.81,326900
2024-06-12 09:57:00,10.81,10.82,10.81,10.81,371300
2024-06-12 09:58:00,10.81,10.82,10.81,10.81,430000
2024-06-12 09:59:00,10.82,10.82,10.81,10.81,444100
2024-06-12 10:00:00,10.81,10.82,10.81,10.81,217757
2024-06-12 10:01:00,10.81,10.82,10.81,10.81,394400
2024-06-12 10:02:00,10.82,10.83,10.81,10.82,889800
2024-06-12 10:03:00,10.82,10.83,10.81,10.81,514200
2024-06-12 10:04:00,10.81,10.82,10.8,10.81,851443
2024-06-12 10:05:00,10.8,10.82,10.8,10.81,189700
2024-06-12 10:06:00,10.82,10.82,10.81,10.81,376800
2024-06-12 10:07:00,10.81,10.82,10.8,10.8,303000
2024-06-12 10:08:00,10.8,10.81,10.8,10.81,284200
2024-06-12 10:09:00,10.8,10.81,10.8,10.8,298000
2024-06-12 10:10:00,10.8,10.81,10.8,10.8,360400
2024-06-12 10:11:00,10.8,10.82,10.8,10.8,1186300
2024-06-12 10:12:00,10.8,10.81,10.79,10.79,1200700
2024-06-12 10:13:00,10.79,10.8,10.79,10.79,434500
2024-06-12 10:14:00,10.79,10.8,10.78,10.79,1743237
2024-06-12 10:15:00,10.79,10.8,10.78,10.79,506400
2024-06-12 10:16:00,10.79,10.81,10.79,10.81,793700
2024-06-12 10:17:00,10.81,10.81,10.8,10.8,162000
2024-06-12 10:18:00,10.8,10.81,10.79,10.8,630600
2024-06-12 10:19:00,10.8,10.81,10.8,10.8,129500
2024-06-12 10:20:00,10.8,10.81,10.8,10.8,232800
2024-06-12 10:21:00,10.8,10.81,10.79,10.79,631600
2024-06-12 10:22:00,10.79,10.81,10.79,10.8,298700
2024-06-12 10:23:00,10.81,10.81,10.8,10.81,97200
2024-06-12 10:24:00,10.8,10.81,10.8,10.8,122100
2024-06-12 10:25:00,10.81,10.81,10.8,10.8,241900
2024-06-12 10:26:00,10.8,10.81,10.79,10.81,806200
2024-06-12 10:27:00,10.8,10.81,10.79,10.8,362500
2024-06-12 10:28:00,10.8,10.81,10.79,10.8,311800
2024-06-12 10:29:00,10.8,10.81,10.79,10.8,222500
2024-06-12 10:30:00,10.8,10.81,10.79,10.8,171900
2024-06-12 10:31:00,10.8,10.81,10.8,10.81,48800
2024-06-12 10:32:00,10.8,10.81,10.8,10.8,79900
2024-06-12 10:33:00,10.8,10.81,10.8,10.81,175900
2024-06-12 10:34:00,10.8,10.81,10.8,10.8,77100
2024-06-12 10:35:00,10.8,10.81,10.8,10.8,141800
2024-06-12 10:36:00,10.8,10.81,10.8,10.81,180000
2024-06-12 10:37:00,10.8,10.81,10.8,10.8,184500
2024-06-12 10:38:00,10.8,10.81,10.79,10.79,831800
2024-06-12 10:39:00,10.79,10.8,10.79,10.79,141000
2024-06-12 10:40:00,10.79,10.8,10.79,10.8,241700
2024-06-12 10:41:00,10.79,10.8,10.79,10.8,433920
2024-06-12 10:42:00,10.8,10.8,10.79,10.8,134100
2024-06-12 10:43:00,10.79,10.8,10.79,10.79,188700
2024-06-12 10:44:00,10.79,10.8,10.79,10.79,810800
2024-06-12 10:45:00,10.8,10.8,10.79,10.8,153700
2024-06-12 10:46:00,10.8,10.8,10.79,10.8,263900
2024-06-12 10:47:00,10.8,10.8,10.79,10.8,214200
2024-06-12 10:48:00,10.8,10.81,10.79,10.8,219100
2024-06-12 10:49:00,10.8,10.81,10.79,10.8,145250
2024-06-12 10:50:00,10.8,10.81,10.79,10.8,140800
2024-06-12 10:51:00,10.8,10.81,10.8,10.81,177400
2024-06-12 10:52:00,10.81,10.81,10.8,10.8,77953
2024-06-12 10:53:00,10.8,10.81,10.8,10.81,82600
2024-06-12 10:54:00,10.8,10.81,10.8,10.8,175000
2024-06-12 10:55:00,10.8,10.81,10.8,10.81,198500
2024-06-12 10:56:00,10.81,10.81,10.8,10.8,217200
2024-06-12 10:57:00,10.8,10.81,10.8,10.81,65800
2024-06-12 10:58:00,10.8,10.82,10.8,10.82,594500
2024-06-12 10:59:00,10.82,10.83,10.82,10.82,437506
2024-06-12 11:00:00,10.82,10.83,10.81,10.81,172394
2024-06-12 11:01:00,10.82,10.82,10.81,10.82,36700
2024-06-12 11:02:00,10.82,10.84,10.81,10.83,1066246
2024-06-12 11:03:00,10.84,10.84,10.83,10.84,124400
2024-06-12 11:04:00,10.83,10.85,10.83,10.85,692600
2024-06-12 11:05:00,10.84,10.85,10.84,10.85,213400
2024-06-12 11:06:00,10.84,10.85,10.84,10.84,177300
2024-06-12 11:07:00,10.84,10.85,10.83,10.83,924900
2024-06-12 11:08:00,10.83,10.84,10.82,10.83,219400
2024-06-12 11:09:00,10.83,10.83,10.82,10.82,142600
2024-06-12 11:10:00,10.83,10.84,10.82,10.83,471900
2024-06-12 11:11:00,10.83,10.84,10.82,10.82,103700
2024-06-12 11:12:00,10.83,10.83,10.82,10.83,165300
2024-06-12 11:13:00,10.83,10.83,10.82,10.82,129100
2024-06-12 11:14:00,10.83,10.83,10.82,10.83,47400
2024-06-12 11:15:00,10.82,10.83,10.82,10.82,117700
2024-06-12 11:16:00,10.82,10.83,10.82,10.82,31400
2024-06-12 11:17:00,10.82,10.83,10.82,10.83,125000
2024-06-12 11:18:00,10.83,10.83,10.82,10.83,60400
2024-06-12 11:19:00,10.82,10.83,10.82,10.82,146200
2024-06-12 11:20:00,10.82,10.83,10.81,10.81,765300
2024-06-12 11:21:00,10.82,10.82,10.81,10.82,222500
2024-06-12 11:22:00,10.82,10.82,10.81,10.81,73600
2024-06-12 11:23:00,10.82,10.82,10.81,10.82,81500
2024-06-12 11:24:00,10.81,10.82,10.81,10.81,78200
2024-06-12 11:25:00,10.81,10.82,10.81,10.82,93700
2024-06-12 11:26:00,10.81,10.82,10.81,10.82,105100
2024-06-12 11:27:00,10.82,10.82,10.81,10.82,161500
2024-06-12 11:28:00,10.82,10.82,10.81,10.82,153200
2024-06-12 11:29:00,10.82,10.82,10.81,10.82,32100
2024-06-12 11:30:00,10.82,10.83,10.81,10.82,130100
2024-06-12 13:01:00,10.83,10.84,10.82,10.83,581800
2024-06-12 13:02:00,10.83,10.83,10.82,10.83,181400
2024-06-12 13:03:00,10.83,10.84,10.83,10.84,105800
2024-06-12 13:04:00,10.84,10.85,10.83,10.85,1766800
2024-06-12 13:05:00,10.85,10.86,10.85,10.85,311000
2024-06-12 13:06:00,10.85,10.86,10.84,10.85,316400
2024-06-12 13:07:00,10.85,10.85,10.84,10.84,224700
2024-06-12 13:08:00,10.85,10.85,10.84,10.85,267500
2024-06-12 13:09:00,10.85,10.86,10.84,10.86,275300
2024-06-12 13:10:00,10.86,10.87,10.85,10.87,745800
2024-06-12 13:11:00,10.87,10.88,10.86,10.87,1098500
2024-06-12 13:12:00,10.87,10.87,10.85,10.85,760700
2024-06-12 13:13:00,10.86,10.86,10.85,10.85,199000
2024-06-12 13:14:00,10.85,10.86,10.85,10.85,185400
2024-06-12 13:15:00,10.85,10.86,10.84,10.85,377814
2024-06-12 13:16:00,10.85,10.85,10.84,10.85,203200
2024-06-12 13:17:00,10.85,10.85,10.84,10.84,175800
2024-06-12 13:18:00,10.84,10.85,10.84,10.85,82300
2024-06-12 13:19:00,10.84,10.85,10.84,10.85,91800
2024-06-12 13:20:00,10.85,10.85,10.84,10.84,160500
2024-06-12 13:21:00,10.85,10.86,10.84,10.85,234100
2024-06-12 13:22:00,10.86,10.86,10.85,10.86,46700
2024-06-12 13:23:00,10.86,10.86,10.85,10.86,156900
2024-06-12 13:24:00,10.85,10.86,10.85,10.86,113100
2024-06-12 13:25:00,10.86,10.86,10.85,10.86,207000
2024-06-12 13:26:00,10.85,10.87,10.85,10.87,1020000
2024-06-12 13:27:00,10.87,10.87,10.86,10.86,108500
2024-06-12 13:28:00,10.87,10.87,10.86,10.87,119100
2024-06-12 13:29:00,10.87,10.87,10.86,10.87,286700
2024-06-12 13:30:00,10.86,10.87,10.86,10.87,187400
2024-06-12 13:31:00,10.86,10.87,10.86,10.87,111800
2024-06-12 13:32:00,10.87,10.87,10.86,10.86,189200
2024-06-12 13:33:00,10.86,10.87,10.86,10.87,575300
2024-06-12 13:34:00,10.87,10.88,10.86,10.87,921800
2024-06-12 13:35:00,10.87,10.88,10.86,10.88,1322800
2024-06-12 13:36:00,10.88,10.88,10.87,10.88,821500
2024-06-12 13:37:00,10.88,10.89,10.87,10.89,1723000
2024-06-12 13:38:00,10.89,10.91,10.88,10.9,1599900
2024-06-12 13:39:00,10.9,10.9,10.89,10.89,543000
2024-06-12 13:40:00,10.89,10.89,10.88,10.88,221800
2024-06-12 13:41:00,10.88,10.89,10.88,10.88,288900
2024-06-12 13:42:00,10.88,10.89,10.88,10.89,168000
2024-06-12 13:43:00,10.88,10.89,10.88,10.88,176100
2024-06-12 13:44:00,10.89,10.89,10.88,10.89,342500
2024-06-12 13:45:00,10.89,10.89,10.88,10.88,282500
2024-06-12 13:46:00,10.88,10.89,10.88,10.88,167700
2024-06-12 13:47:00,10.89,10.89,10.88,10.89,165300
2024-06-12 13:48:00,10.88,10.89,10.88,10.88,322000
2024-06-12 13:49:00,10.88,10.89,10.88,10.89,131300
2024-06-12 13:50:00,10.89,10.89,10.88,10.89,205500
2024-06-12 13:51:00,10.89,10.89,10.88,10.88,187100
2024-06-12 13:52:00,10.89,10.89,10.88,10.89,116300
2024-06-12 13:53:00,10.88,10.89,10.88,10.88,101200
2024-06-12 13:54:00,10.89,10.89,10.87,10.88,1460200
2024-06-12 13:55:00,10.87,10.88,10.87,10.87,179300
2024-06-12 13:56:00,10.87,10.88,10.87,10.87,125600
2024-06-12 13:57:00,10.88,10.88,10.87,10.87,343200
2024-06-12 13:58:00,10.87,10.88,10.87,10.87,148200
2024-06-12 13:59:00,10.87,10.88,10.87,10.88,92200
2024-06-12 14:00:00,10.88,10.88,10.87,10.88,321800
2024-06-12 14:01:00,10.88,10.88,10.87,10.87,478500
2024-06-12 14:02:00,10.87,10.88,10.86,10.87,866900
2024-06-12 14:03:00,10.87,10.87,10.86,10.87,53600
2024-06-12 14:04:00,10.87,10.88,10.86,10.87,564000
2024-06-12 14:05:00,10.87,10.89,10.87,10.88,832600
2024-06-12 14:06:00,10.89,10.89,10.88,10.88,170100
2024-06-12 14:07:00,10.89,10.89,10.88,10.88,271100
2024-06-12 14:08:00,10.88,10.89,10.88,10.88,196300
2024-06-12 14:09:00,10.88,10.89,10.87,10.88,236200
2024-06-12 14:10:00,10.88,10.89,10.87,10.88,303200
2024-06-12 14:11:00,10.88,10.88,10.87,10.88,294400
2024-06-12 14:12:00,10.88,10.88,10.87,10.88,254000
2024-06-12 14:13:00,10.88,10.88,10.87,10.87,141000
2024-06-12 14:14:00,10.87,10.88,10.87,10.88,183200
2024-06-12 14:15:00,10.88,10.89,10.87,10.88,188300
2024-06-12 14:16:00,10.88,10.88,10.87,10.88,132800
2024-06-12 14:17:00,10.88,10.89,10.87,10.88,322835
2024-06-12 14:18:00,10.88,10.89,10.88,10.89,127873
2024-06-12 14:19:00,10.89,10.89,10.87,10.88,602927
2024-06-12 14:20:00,10.88,10.89,10.87,10.88,229500
2024-06-12 14:21:00,10.88,10.89,10.88,10.88,295400
2024-06-12 14:22:00,10.88,10.89,10.88,10.88,257400
2024-06-12 14:23:00,10.89,10.89,10.88,10.88,200400
2024-06-12 14:24:00,10.88,10.88,10.87,10.87,611200
2024-06-12 14:25:00,10.87,10.88,10.87,10.88,288600
2024-06-12 14:26:00,10.88,10.88,10.87,10.87,179400
2024-06-12 14:27:00,10.88,10.88,10.87,10.88,259200
2024-06-12 14:28:00,10.88,10.88,10.87,10.87,285500
2024-06-12 14:29:00,10.88,10.88,10.87,10.87,284600
2024-06-12 14:30:00,10.87,10.88,10.87,10.88,280300
2024-06-12 14:31:00,10.88,10.88,10.87,10.87,362800
2024-06-12 14:32:00,10.88,10.88,10.87,10.88,1002800
2024-06-12 14:33:00,10.87,10.89,10.87,10.88,226800
2024-06-12 14:34:00,10.88,10.88,10.87,10.88,230400
2024-06-12 14:35:00,10.87,10.88,10.87,10.88,208500
2024-06-12 14:36:00,10.87,10.88,10.87,10.88,160100
2024-06-12 14:37:00,10.88,10.88,10.87,10.88,293200
2024-06-12 14:38:00,10.88,10.88,10.87,10.88,364400
2024-06-12 14:39:00,10.88,10.88,10.87,10.88,154600
2024-06-12 14:40:00,10.88,10.88,10.87,10.88,250300
2024-06-12 14:41:00,10.88,10.88,10.87,10.88,367900
2024-06-12 14:42:00,10.88,10.88,10.87,10.88,529300
2024-06-12 14:43:00,10.88,10.88,10.87,10.87,377400
2024-06-12 14:44:00,10.88,10.89,10.87,10.88,592190
2024-06-12 14:45:00,10.88,10.89,10.88,10.88,307340
2024-06-12 14:46:00,10.89,10.89,10.87,10.88,441500
2024-06-12 14:47:00,10.88,10.89,10.88,10.89,192600
2024-06-12 14:48:00,10.89,10.89,10.88,10.88,191600
2024-06-12 14:49:00,10.88,10.89,10.88,10.89,151400
2024-06-12 14:50:00,10.89,10.89,10.88,10.88,916300
2024-06-12 14:51:00,10.89,10.89,10.88,10.89,376700
2024-06-12 14:52:00,10.88,10.89,10.88,10.89,353600
2024-06-12 14:53:00,10.88,10.89,10.88,10.88,289900
2024-06-12 14:54:00,10.89,10.89,10.88,10.89,390700
2024-06-12 14:55:00,10.88,10.89,10.88,10.88,599800
2024-06-12 14:56:00,10.88,10.89,10.88,10.88,577500
2024-06-12 14:57:00,10.89,10.89,10.88,10.89,841600
2024-06-12 15:00:00,10.88,10.88,10.88,10.88,1136687
2024-06-13 09:31:00,10.89,10.91,10.88,10.9,2424800
2024-06-13 09:32:00,10.89,10.9,10.88,10.89,1021500
2024-06-13 09:33:00,10.88,10.92,10.88,10.92,1735384
2024-06-13 09:34:00,10.91,10.93,10.91,10.93,1584600
2024-06-13 09:35:00,10.93,10.93,10.91,10.92,1338200
2024-06-13 09:36:00,10.91,10.92,10.9,10.91,961900
2024-06-13 09:37:00,10.91,10.92,10.9,10.91,1134400
2024-06-13 09:38:00,10.92,10.92,10.9,10.91,1081300
2024-06-13 09:39:00,10.9,10.92,10.9,10.9,375200
2024-06-13 09:40:00,10.91,10.91,10.88,10.88,2182000
2024-06-13 09:41:00,10.88,10.89,10.86,10.86,1454500
2024-06-13 09:42:00,10.87,10.87,10.86,10.86,448220
2024-06-13 09:43:00,10.87,10.87,10.84,10.85,1550280
2024-06-13 09:44:00,10.86,10.86,10.84,10.86,910500
2024-06-13 09:45:00,10.86,10.87,10.85,10.85,600800
2024-06-13 09:46:00,10.85,10.86,10.85,10.85,681300
2024-06-13 09:47:00,10.86,10.87,10.85,10.86,954300
2024-06-13 09:48:00,10.86,10.88,10.86,10.88,749900
2024-06-13 09:49:00,10.88,10.88,10.86,10.87,403000
2024-06-13 09:50:00,10.87,10.88,10.86,10.87,143200
2024-06-13 09:51:00,10.86,10.87,10.85,10.86,592400
2024-06-13 09:52:00,10.86,10.87,10.85,10.85,427500
2024-06-13 09:53:00,10.86,10.87,10.84,10.85,1018300
2024-06-13 09:54:00,10.85,10.85,10.84,10.85,452200
2024-06-13 09:55:00,10.84,10.85,10.83,10.84,1216200
2024-06-13 09:56:00,10.84,10.85,10.83,10.84,540500
2024-06-13 09:57:00,10.85,10.86,10.84,10.85,437300
2024-06-13 09:58:00,10.86,10.86,10.84,10.84,408200
2024-06-13 09:59:00,10.85,10.86,10.84,10.85,141200
2024-06-13 10:00:00,10.86,10.86,10.85,10.86,144887
2024-06-13 10:01:00,10.85,10.86,10.84,10.85,460700
2024-06-13 10:02:00,10.85,10.86,10.84,10.86,229800
2024-06-13 10:03:00,10.85,10.87,10.85,10.87,320128
2024-06-13 10:04:00,10.86,10.88,10.86,10.88,617700
2024-06-13 10:05:00,10.87,10.88,10.87,10.88,197700
2024-06-13 10:06:00,10.87,10.88,10.87,10.88,344100
2024-06-13 10:07:00,10.88,10.88,10.87,10.88,340300
2024-06-13 10:08:00,10.88,10.88,10.87,10.88,143800
2024-06-13 10:09:00,10.88,10.88,10.87,10.88,551190
2024-06-13 10:10:00,10.89,10.89,10.88,10.88,250000
2024-06-13 10:11:00,10.88,10.89,10.87,10.88,621400
2024-06-13 10:12:00,10.88,10.88,10.86,10.87,383300
2024-06-13 10:13:00,10.86,10.88,10.86,10.87,141800
2024-06-13 10:14:00,10.87,10.87,10.86,10.86,91300
2024-06-13 10:15:00,10.87,10.87,10.86,10.87,477000
2024-06-13 10:16:00,10.87,10.87,10.86,10.87,86100
2024-06-13 10:17:00,10.87,10.87,10.86,10.87,148200
2024-06-13 10:18:00,10.87,10.88,10.86,10.87,274000
2024-06-13 10:19:00,10.87,10.87,10.86,10.87,241600
2024-06-13 10:20:00,10.86,10.87,10.86,10.87,106400
2024-06-13 10:21:00,10.87,10.87,10.85,10.85,951500
2024-06-13 10:22:00,10.85,10.86,10.85,10.86,81300
2024-06-13 10:23:00,10.86,10.86,10.85,10.86,89800
2024-06-13 10:24:00,10.86,10.86,10.85,10.85,154300
2024-06-13 10:25:00,10.86,10.86,10.85,10.86,232100
2024-06-13 10:26:00,10.85,10.86,10.85,10.86,117300
2024-06-13 10:27:00,10.86,10.86,10.85,10.86,134300
2024-06-13 10:28:00,10.86,10.87,10.85,10.86,210200
2024-06-13 10:29:00,10.86,10.86,10.85,10.86,107400
2024-06-13 10:30:00,10.85,10.86,10.85,10.86,238500
2024-06-13 10:31:00,10.86,10.86,10.85,10.86,131500
2024-06-13 10:32:00,10.86,10.86,10.85,10.86,180700
2024-06-13 10:33:00,10.86,10.86,10.85,10.86,121900
2024-06-13 10:34:00,10.86,10.87,10.85,10.87,378900
2024-06-13 10:35:00,10.86,10.87,10.85,10.86,260300
2024-06-13 10:36:00,10.86,10.87,10.86,10.86,171200
2024-06-13 10:37:00,10.87,10.87,10.86,10.86,51200
2024-06-13 10:38:00,10.86,10.87,10.86,10.87,115000
2024-06-13 10:39:00,10.87,10.88,10.86,10.88,642800
2024-06-13 10:40:00,10.87,10.88,10.86,10.86,329200
2024-06-13 10:41:00,10.86,10.88,10.86,10.86,395300
2024-06-13 10:42:00,10.86,10.87,10.86,10.86,97200
2024-06-13 10:43:00,10.86,10.87,10.86,10.86,242700
2024-06-13 10:44:00,10.87,10.87,10.86,10.87,218900
2024-06-13 10:45:00,10.87,10.87,10.86,10.87,216100
2024-06-13 10:46:00,10.86,10.87,10.86,10.86,388600
2024-06-13 10:47:00,10.87,10.88,10.87,10.87,343600
2024-06-13 10:48:00,10.87,10.88,10.87,10.88,104000
2024-06-13 10:49:00,10.88,10.88,10.87,10.88,62500
2024-06-13 10:50:00,10.88,10.88,10.87,10.87,245500
2024-06-13 10:51:00,10.88,10.88,10.86,10.87,365800
2024-06-13 10:52:00,10.87,10.87,10.86,10.87,135300
2024-06-13 10:53:00,10.87,10.87,10.86,10.87,47900
2024-06-13 10:54:00,10.87,10.87,10.86,10.87,62300
2024-06-13 10:55:00,10.87,10.87,10.85,10.86,1631000
2024-06-13 10:56:00,10.85,10.86,10.85,10.85,116500
2024-06-13 10:57:00,10.85,10.87,10.85,10.86,434200
2024-06-13 10:58:00,10.86,10.86,10.85,10.85,313100
2024-06-13 10:59:00,10.86,10.87,10.85,10.86,199600
2024-06-13 11:00:00,10.86,10.87,10.85,10.85,168300
2024-06-13 11:01:00,10.86,10.86,10.85,10.85,56000
2024-06-13 11:02:00,10.85,10.86,10.85,10.85,201800
2024-06-13 11:03:00,10.86,10.86,10.85,10.85,38900
2024-06-13 11:04:00,10.86,10.86,10.85,10.86,143600
2024-06-13 11:05:00,10.85,10.86,10.84,10.84,3051466
2024-06-13 11:06:00,10.84,10.85,10.84,10.85,125800
2024-06-13 11:07:00,10.84,10.85,10.84,10.84,84500
2024-06-13 11:08:00,10.84,10.85,10.84,10.84,153900
2024-06-13 11:09:00,10.84,10.85,10.84,10.84,94800
2024-06-13 11:10:00,10.84,10.85,10.84,10.85,113700
2024-06-13 11:11:00,10.84,10.85,10.84,10.84,213200
2024-06-13 11:12:00,10.85,10.86,10.84,10.86,911100
2024-06-13 11:13:00,10.85,10.86,10.85,10.86,129500
2024-06-13 11:14:00,10.86,10.86,10.84,10.84,958200
2024-06-13 11:15:00,10.85,10.85,10.84,10.85,126100
2024-06-13 11:16:00,10.84,10.85,10.84,10.85,310900
2024-06-13 11:17:00,10.85,10.86,10.83,10.84,2187834
2024-06-13 11:18:00,10.83,10.84,10.8,10.81,4842600
2024-06-13 11:19:00,10.81,10.82,10.8,10.82,341500
2024-06-13 11:20:00,10.82,10.82,10.8,10.8,878200
2024-06-13 11:21:00,10.8,10.81,10.8,10.81,1708000
2024-06-13 11:22:00,10.81,10.82,10.8,10.81,233200
2024-06-13 11:23:00,10.82,10.82,10.81,10.82,283700
2024-06-13 11:24:00,10.81,10.82,10.81,10.82,129100
2024-06-13 11:25:00,10.82,10.82,10.81,10.82,204700
2024-06-13 11:26:00,10.82,10.83,10.82,10.83,273500
2024-06-13 11:27:00,10.82,10.83,10.82,10.82,204300
2024-06-13 11:28:00,10.82,10.83,10.82,10.83,92300
2024-06-13 11:29:00,10.82,10.83,10.82,10.83,99200
2024-06-13 11:30:00,10.83,10.83,10.82,10.82,115004
2024-06-13 13:01:00,10.82,10.83,10.81,10.82,1175796
2024-06-13 13:02:00,10.81,10.82,10.81,10.82,480104
2024-06-13 13:03:00,10.82,10.83,10.82,10.83,45000
2024-06-13 13:04:00,10.83,10.83,10.82,10.82,153600
2024-06-13 13:05:00,10.83,10.83,10.81,10.81,463900
2024-06-13 13:06:00,10.81,10.83,10.81,10.82,214200
2024-06-13 13:07:00,10.83,10.83,10.82,10.83,190200
2024-06-13 13:08:00,10.83,10.83,10.82,10.82,144700
2024-06-13 13:09:00,10.82,10.83,10.82,10.82,68700
2024-06-13 13:10:00,10.82,10.84,10.82,10.83,452578
2024-06-13 13:11:00,10.83,10.85,10.83,10.85,662600
2024-06-13 13:12:00,10.84,10.85,10.83,10.83,231800
2024-06-13 13:13:00,10.84,10.84,10.83,10.84,105700
2024-06-13 13:14:00,10.83,10.85,10.83,10.85,582600
2024-06-13 13:15:00,10.84,10.85,10.84,10.85,97900
2024-06-13 13:16:00,10.84,10.85,10.83,10.83,176100
2024-06-13 13:17:00,10.84,10.84,10.83,10.84,654100
2024-06-13 13:18:00,10.84,10.84,10.83,10.84,591700
2024-06-13 13:19:00,10.84,10.84,10.83,10.83,59200
2024-06-13 13:20:00,10.84,10.84,10.83,10.83,183800
2024-06-13 13:21:00,10.84,10.84,10.82,10.83,782000
2024-06-13 13:22:00,10.83,10.83,10.82,10.83,70900
2024-06-13 13:23:00,10.82,10.83,10.82,10.83,192800
2024-06-13 13:24:00,10.83,10.83,10.81,10.81,962000
2024-06-13 13:25:00,10.82,10.83,10.81,10.82,176349
2024-06-13 13:26:00,10.83,10.83,10.82,10.82,88500
2024-06-13 13:27:00,10.82,10.83,10.82,10.83,297200
2024-06-13 13:28:00,10.83,10.83,10.82,10.82,141300
2024-06-13 13:29:00,10.83,10.83,10.82,10.83,150900
2024-06-13 13:30:00,10.82,10.83,10.82,10.82,517751
2024-06-13 13:31:00,10.82,10.83,10.81,10.83,271800
2024-06-13 13:32:00,10.82,10.83,10.82,10.83,302400
2024-06-13 13:33:00,10.82,10.83,10.82,10.82,89800
2024-06-13 13:34:00,10.83,10.83,10.82,10.83,147400
2024-06-13 13:35:00,10.83,10.83,10.82,10.83,56100
2024-06-13 13:36:00,10.82,10.83,10.82,10.83,114300
2024-06-13 13:37:00,10.83,10.83,10.82,10.83,133400
2024-06-13 13:38:00,10.83,10.83,10.82,10.83,164500
2024-06-13 13:39:00,10.82,10.83,10.82,10.82,207300
2024-06-13 13:40:00,10.82,10.83,10.82,10.82,35700
2024-06-13 13:41:00,10.83,10.83,10.82,10.83,177900
2024-06-13 13:42:00,10.83,10.83,10.82,10.83,109800
2024-06-13 13:43:00,10.82,10.83,10.82,10.83,230500
2024-06-13 13:44:00,10.82,10.83,10.82,10.83,108300
2024-06-13 13:45:00,10.82,10.83,10.82,10.83,436300
2024-06-13 13:46:00,10.82,10.83,10.82,10.83,127100
2024-06-13 13:47:00,10.83,10.83,10.82,10.83,102200
2024-06-13 13:48:00,10.83,10.83,10.82,10.83,151300
2024-06-13 13:49:00,10.82,10.83,10.82,10.83,170300
2024-06-13 13:50:00,10.83,10.83,10.82,10.82,98400
2024-06-13 13:51:00,10.82,10.83,10.82,10.83,71400
2024-06-13 13:52:00,10.82,10.83,10.82,10.83,168500
2024-06-13 13:53:00,10.82,10.83,10.82,10.83,49400
2024-06-13 13:54:00,10.82,10.83,10.82,10.82,469600
2024-06-13 13:55:00,10.82,10.83,10.81,10.81,968700
2024-06-13 13:56:00,10.82,10.82,10.81,10.82,79000
2024-06-13 13:57:00,10.82,10.82,10.81,10.82,103300
2024-06-13 13:58:00,10.82,10.82,10.81,10.81,132700
2024-06-13 13:59:00,10.82,10.82,10.81,10.81,174200
2024-06-13 14:00:00,10.81,10.82,10.81,10.81,315300
2024-06-13 14:01:00,10.81,10.82,10.81,10.82,238400
2024-06-13 14:02:00,10.82,10.82,10.81,10.82,288000
2024-06-13 14:03:00,10.82,10.82,10.81,10.82,455600
2024-06-13 14:04:00,10.82,10.82,10.81,10.82,305500
2024-06-13 14:05:00,10.82,10.82,10.81,10.82,667400
2024-06-13 14:06:00,10.81,10.83,10.81,10.82,452500
2024-06-13 14:07:00,10.82,10.83,10.81,10.81,420300
2024-06-13 14:08:00,10.82,10.82,10.81,10.82,83300
2024-06-13 14:09:00,10.82,10.82,10.81,10.81,152700
2024-06-13 14:10:00,10.82,10.82,10.81,10.81,212300
2024-06-13 14:11:00,10.81,10.82,10.81,10.82,443900
2024-06-13 14:12:00,10.82,10.82,10.81,10.81,1086600
2024-06-13 14:13:00,10.81,10.82,10.8,10.8,1501696
2024-06-13 14:14:00,10.8,10.81,10.8,10.81,1018700
2024-06-13 14:15:00,10.81,10.81,10.8,10.81,554500
2024-06-13 14:16:00,10.81,10.81,10.8,10.81,586200
2024-06-13 14:17:00,10.81,10.82,10.8,10.8,435800
2024-06-13 14:18:00,10.81,10.82,10.81,10.81,692700
2024-06-13 14:19:00,10.81,10.81,10.8,10.81,342400
2024-06-13 14:20:00,10.81,10.81,10.8,10.8,400500
2024-06-13 14:21:00,10.81,10.81,10.8,10.81,112600
2024-06-13 14:22:00,10.8,10.81,10.8,10.8,179300
2024-06-13 14:23:00,10.8,10.81,10.8,10.8,218321
2024-06-13 14:24:00,10.81,10.81,10.8,10.81,455100
2024-06-13 14:25:00,10.8,10.81,10.8,10.81,333700
2024-06-13 14:26:00,10.81,10.81,10.8,10.8,139500
2024-06-13 14:27:00,10.81,10.81,10.8,10.81,260500
2024-06-13 14:28:00,10.8,10.81,10.8,10.8,147700
2024-06-13 14:29:00,10.8,10.81,10.8,10.81,213100
2024-06-13 14:30:00,10.8,10.81,10.8,10.8,342500
2024-06-13 14:31:00,10.8,10.81,10.8,10.81,237800
2024-06-13 14:32:00,10.81,10.81,10.8,10.81,1494200
2024-06-13 14:33:00,10.81,10.81,10.8,10.8,278300
2024-06-13 14:34:00,10.81,10.81,10.8,10.81,363200
2024-06-13 14:35:00,10.8,10.81,10.8,10.81,231600
2024-06-13 14:36:00,10.81,10.81,10.8,10.81,387800
2024-06-13 14:37:00,10.8,10.81,10.8,10.81,612100
2024-06-13 14:38:00,10.81,10.81,10.8,10.81,455156
2024-06-13 14:39:00,10.81,10.82,10.8,10.82,1284400
2024-06-13 14:40:00,10.81,10.82,10.81,10.82,301500
2024-06-13 14:41:00,10.82,10.82,10.8,10.81,1554700
2024-06-13 14:42:00,10.81,10.82,10.8,10.81,528400
2024-06-13 14:43:00,10.81,10.82,10.81,10.81,514400
2024-06-13 14:44:00,10.81,10.82,10.81,10.81,269800
2024-06-13 14:45:00,10.82,10.82,10.81,10.82,446000
2024-06-13 14:46:00,10.81,10.82,10.81,10.81,619100
2024-06-13 14:47:00,10.81,10.82,10.81,10.82,1482500
2024-06-13 14:48:00,10.82,10.82,10.81,10.82,623000
2024-06-13 14:49:00,10.81,10.82,10.81,10.82,513100
2024-06-13 14:50:00,10.81,10.82,10.8,10.81,3028700
2024-06-13 14:51:00,10.81,10.81,10.8,10.8,1516500
2024-06-13 14:52:00,10.81,10.81,10.8,10.81,1139600
2024-06-13 14:53:00,10.8,10.81,10.8,10.81,1063800
2024-06-13 14:54:00,10.8,10.81,10.8,10.81,2741300
2024-06-13 14:55:00,10.8,10.81,10.8,10.8,1075000
2024-06-13 14:56:00,10.8,10.81,10.8,10.81,1715934
2024-06-13 14:57:00,10.81,10.81,10.8,10.81,1669000
2024-06-13 15:00:00,10.8,10.8,10.8,10.8,3646801
